featureid	Intercept	"C(birth_mode_ms, Treatment(""Vag""))[T.CS]"	"C(birth_mode_ms, Treatment(""Vag""))[T.CSseed]"
TACGGAGGATCCGAGCGTTATCCGGATTTATTGGGTTTAAAGGGAGCGTAGATGGATGTTTAAGTCAGTTGTGAAAGTTTGCGGCTCAACCGTAAAATTG	1.5824759133244148	1.1597160217422227	1.3559744478683902
TACGTAGGGTGCAAGCGTTATCCGGAATTATTGGGCGTAAAGGGCTCGTAGGCGGTTCGTCGCGTCCGGTGTGAAAGTCCATCGCTTAACGGTGGATCCG	2.4718988068485848	1.4518545088428239	0.6948675633888666
TACGTAGGTGGCAAGCGTTGTCCGGATTTATTGGGCGTAAAGCGAGCGCAGGCGGTTTCTTAAGTCTGATGTGAAAGCCCCCGGCTCAACCGGGGAGGGT	0.11078811959272539	-0.6051641586166641	-0.14724467978663913
TACGTAGGGTGCAAGCGTTATCCGGAATTATTGGGCGTAAAGGGCTCGTAGGCGGTTCGTCGCGTCCGGTGTGAAAGCCCATCGCTTAACGGTGGGTCTG	-0.9043357245540031	0.7298323330539445	1.4614099384766055
TACGGAGGGTGCAAGCGTTAATCGGAATTACTGGGCGTAAAGCGCACGCAGGCGGTTTGTTAAGTCAGATGTGAAATCCCCGGGCTCAACCTGGGAACTG	1.211545599260389	1.658978622879384	0.5007919193726016
TACGGAGGATCCGAGCGTTATCCGGATTTATTGGGTTTAAAGGGAGCGTAGGTGGATTGTTAAGTCAGTTGTGAAAGTTTGCGGCTCAACCGTAAAATTG	-0.6768960826014885	-0.8826001766067764	0.6986830951195193
TACGTAGGGGGCTAGCGTTATCCGGATTTACTGGGCGTAAAGGGTGCGTAGGCGGTCTTTTAAGTCAGGAGTGAAAGGCTACGGCTCAACCGTAGTAAGC	-0.5792589060878166	0.1061495659011582	0.44430567040256985
TACGTAGGTGGCAAGCGTTGTCCGGATTTACTGGGCGTAAAGGGAGCGTAGGCGGATTTTTAAGTGGGATGTGAAATACCCGGGCTCAACCTGGGTGCTG	0.5905453093433968	-0.06332074431002344	0.10672892346195706
TACGTAGGTGGCGAGCGTTGTCCGGATTTACTGGGCGTAAAGGGAGCGTAGGCGGATTTTTAAGTGAGATGTGAAATACCCGGGCTCAACTTGGGTGCTG	-0.02042339964860762	-2.4701386573654425	-1.651267993308978
TACGTATGGTGCAAGCGTTATCCGGATTTACTGGGTGTAAAGGGAGCGTAGACGGATAGGCAAGTCTGGAGTGAAAACCCAGGGCTCAACCCTGGGACTG	0.21018709019666826	-1.5953515651565802	-0.591265904762226
TACGTAGGTGGCAAGCGTTGTCCGGAATTATTGGGCGTAAAGCGCGCGCAGGCGGATCAGTCAGTCTGTCTTAAAAGTTCGGGGCTTAACCCCGTGATGG	0.5514618285084358	1.7126908418792466	1.0481191696148349
TACGTAGGGGGCTAGCGTTGTCCGGAATCACTGGGCGTAAAGGGTTCGCAGGCGGAAATGCAAGTCAGGTGTAAAAGGCAGTAGCTTAACTACTGTAAGC	0.3367688782597176	1.226456072654126	-0.17073081717677585
TACGTATGGAGCGAGCGTTGTCCGGAATTATTGGGCGTAAAGGGTACGCAGGCGGTTTAATAAGTCGAATGTTAAAGATCGGGGCTCAACCCCGTAAAGC	0.0645181067371956	1.3850036230939606	1.6622316957931949
TACGGAGGGTGCAAGCGTTAATCGGAATTACTGGGCGTAAAGCGCACGCAGGCGGTCTGTCAAGTCGGATGTGAAATCCCCGGGCTCAACCTGGGAACTG	1.280540240564405	1.800436746801732	0.929372590921445
TACGTAAGGTCCGAGCGTTGTCCGGAATCATTGGGCGTAAAGGGTACGTAGGCGGGTAAGCAAGTTAGAAGTGAAATCCTATAGCTCAACTATAGTAAGC	-0.8322830073451408	0.8545501646655778	0.46062268032841214
TACGTAGGTCCCGAGCGTTGTCCGGATTTATTGGGCGTAAAGCGAGCGCAGGCGGTTTGATAAGTCTGAAGTTAAAGGCTGTGGCTCAACCATAGTTCGC	3.095694196977674	1.5908726868289689	1.730490994594617
TACGTAGGTCCCGAGCGTTATCCGGATTTATTGGGCGTAAAGCGAGCGCAGGCGGTTAGATAAGTCTGAAGTTAAAGGCTGTGGCTTAACCATAGTACGC	2.968405378618299	1.2568161157029847	-0.3610799191970395
TACGTAGGGCGCGAGCGTTGTCCGGAATTATTGGGCGTAAAGGGCTTGTAGGTGGCTGGTTGCGTCTGTCGTGAAAGCTCATGGCTTAACTGTGGGTTTG	-0.8266777865504631	-0.4230447891098281	-0.2434853194732236
TACGGAGGATACGAGCGTTATCCGGATTTATTGGGTTTAAAGGGTGCGCAGGTGGTCTTGCAAGTCAGTGGTGAAAAGCTGAGGCTCAACCTCAGCCTTG	-0.7412388197993645	0.5112316128867844	-0.008652555801348605
TACGTAGGGGGCGAGCGTTGTCCGGAATTACTGGGCGTAAAGGGTTCGCAGGCGGCATGGCAAGTCCGATGTAAAAGGCGAAGGCTCAACCTTCGTAAGC	0.0843547709370247	-0.13022838858187402	1.2715670885067416
TACGTAGGGGGCAAGCGTTATCCGGATTTACTGGGTGTAAAGGGAGCGTAGACGGCGAAGCAAGTCTGAAGTGAAAACCCAGGGCTCAACCCTGGGACTG	0.5377608664417854	-2.451732743058802	-0.7255613683242368
TACGTAGGGTGCGAGCGTTGTCCGGAATTACTGGGCGTAAAGAGCTCGTAGGCGGTTTGTCACGTCGTCTGTGAAATCCTAGGGCTTAACCCTGGACGTG	1.607188189038097	0.22263945313870703	-0.22844432578273288
TACGTAGGTCCCGAGCGTTGTCCGGATTTATTGGGCGTAAAGCGAGCGCAGGCGGTTAGATAAGTCTGAAGTTAAAGGCTGTGGCTTAACCATAGTACGC	2.4228088982487312	3.6624883529800156	0.27535260929874905
TACGTAGGGTGCGAGCGTTGTCCGGAATTACTGGGCGTAAAGGGCTCGTAGGTGGTTTGTCGCGTCGTCTGTGAAATTCCGGGGCTTAACTCCGGGCGTG	2.1095541842365853	0.1262425300735215	0.7518190266113711
TACGTAAGGGGCGAGCGTTGTCCGGAATTATTGGGCGTAAAGAGTGCGTAGGCGGCAAATTAAGTCAGATGTGAAAACTAAGGGCTCAACCCATAGATTG	0.7911259658718697	-0.808751452241542	-0.34279452548213474
TACGTAGGTGGCAAGCGTTGTCCGGAATTATTGGGCGTAAAGCGCGCGCAGGCGGCTTCCTAAGTCCATCTTAAAAGTGCGGGGCTTAACCCCGTGATGG	2.6491781599903694	-0.43827449110567773	-0.8206214784163999
TACGTAGGGGGCGAGCGTTGTTCGGAATTATTGGGCGTAAAGGGTACGTAGGCGGTTTGTTAAGTTTGGCGTTAAATCACGGGGCTCAACCCCGTTCAGC	0.5069433577442757	0.8046137210983018	-0.3081384776610898
TACGTATGGAGCGAGCGTTGTCCGGAATTATTGGGCGTAAAGGGTGCGCAGGCGGCTTTACAAGTTGGATGTGAAATATTGTGGCTCAACCACAAACGTG	-0.6163241736506828	-0.8823445918899795	0.5562207223396731
TACGGAGGATACGAGCGTTATCCGGATTTATTGGGTTTAAAGGGTGCGCAGGTGGTCCTGCAAGTCAGTGGTGAAAAGCTGAGGCTCAACCTCAGCCTTG	-0.00837181731218184	0.26082320186078345	0.26566637768558987
TACGGGGGGTGCAAGCGTTACTCGGAATCACTGGGCGTAAAGGACGCGTAGGCGGATTATCAAGTCTTTTGTGAAATCTAGTGGCTTAACCACTAAACTG	-0.6933169238185295	-1.2151454570633184	-0.7427289365310239
TACGTATGTCACAAGCGTTATCCGGATTTATTGGGCGTAAAGCGCGTCTAGGTGGTTATGTAAGTCTGATGTGAAAATGCAGGGCTCAACTCTGTATTGC	1.6694469355130783	1.0968319443124512	0.14274801029972561
TACGTATGGACCGAGCGTTGTCCGGAATCATTGGGCGTAAAGGGTACGTAGGCGGCCCAGTAAGTTAGAAGTGAAATAATATAGCTCAACTATATAAAGC	-1.8218715064143556	0.11644889089047705	0.4971019150238467
TACGTATGGACCGAGCGTTGTCCGGAATCATTGGGCGTAAAGGGTACGTAGGCGGCCTAGTAAGTTAGAAGTTAAAGAATATAGCTCAACTATATAAAGC	-0.44684742613786543	-0.49587808874666894	0.3556639076691104
TACGTAAGGTCCGAGCGTTGTCCGGAATCATTGGGCGTAAAGGGTACGTAGGCGGATAAGCAAGTTAGAAGTTAAATCCTATAGCTCAACTATAGCAAGC	-1.1432669036006349	0.9589122203248719	-1.0444319127578305
TACGTAGGGCGCGAGCGTTGTCCGGAATTATTGGGCGTAAAGAGCTTGTAGGCGGTTTGTCGCGTCTGCTGTGAAAGGCCGGGGCTTAACCCCGTGTATT	2.4719060190106026	-0.16496669081270898	1.0090337814312411
TACGTAGGGTGCGAGCGTTGTCCGGAATTATTGGGCGTAAAGGGCTTGTAGGCGGTTTGTCGCGTCTGCCGTGAAATCCTCTGGCTTAACTGGGGGCGTG	1.6928123585963837	-0.6246144655090591	0.8666896046619845
TACGGAGGGTGCAAGCGTTATCCGGATTTATTGGGTTTAAAGGGTCCGTAGGCGGACTTATAAGTCAGTGGTGAAAGCCTGTCGCTTAACGATAGAACTG	-0.2179678551768669	-0.6999243381363174	0.2625064970474673
TACGTATGGACCGAGCGTTGTCCGGAATCATTGGGCGTAAAGGGTACGTAGGCGGCCTAGTAAGTTAGAAGTGAAAGAATATAGCTCAACTATATAAAGC	0.8584482200527779	-0.12714360979616846	-0.9930002568740415
TACGTAGGGTGCGAGCGTTGTCCGGAATTACTGGGCGTAAAGAGCTCGTAGGTGGTTTGTCGCGTCGTTTGTGTAAGCCCGCAGCTTAACTGCGGGACTG	0.6746615298176399	0.8146133539336899	1.3582004687763733
TACGTAGGGTGCGAGCGTTAATCGGAATTATTGGGCGTAAAGCGAGTGTAGACGGTTATTTAAGCCAGATGTGAAATACCCGAGCCTAACTTGGGAGGTG	0.6566829212093941	-0.5953745725494644	0.8567561031799746
TACGTAAGGACCGAGCGTTGTCCGGAATCATTGGGCGTAAAGGGTACGTAGGCGGTTAGAAAAGTTAGAAGTGAAAGGCTATAGCTCAACTATAGTAAGC	-0.2282520405864128	0.2582010147231797	0.5565776349525873
TACGTATGGACCGAGCGTTGTCCGGAATCATTGGGCGTAAAGGGTACGTAGGCGGCCTAGTAAGTTAGAAGTGAAATAATATAGCTCAACTATATAAAGC	-0.21945260687822188	-1.65992413786471	-0.2738532899398374
TACGTAGGTGGCAAGCGTTATCCGGAATTATTGGGCGTAAAGCGCGCGTAGGCGGTTTTTTAAGTCTGATGTGAAAGCCCACGGCTCAACCGTGGAGGGT	2.8041113741779915	2.6574800130981187	3.3271982790451475
TACGTAGGTGGCAAGCGTTGTCCGGAATTATTGGGCGTAAAGCGCGCGCAGGTGGTTTAATAAGTCTGATGTGAAAGCCCACGGCTCAACCGTGGAGGGT	3.4803687460804573	1.3372806427139023	1.2509837718229715
TACAGAGGGTGCAAGCGTTAATCGGAATTACTGGGCGTAAAGCGCGCGTAGGTGGTTTGTTAAGTTGGATGTGAAATCCCCGGGCTCAACCTGGGAACTG	0.9848886855030647	0.03276766511380469	-0.6733348248977231
TACGAAGGGTGCAAGCGTTACTCGGAATTACTGGGCGTAAAGCGTGCGTAGGTGGTGGTTTAAGTCTGTTGTGAAAGCCCTGGGCTCAACCTGGGAATTG	2.1715416438961617	0.17284752103268897	0.4376626731377078
TACGTAAGGACCGAGCGTTGTCCGGAATCATTGGGCGTAAAGGGTACGTAGGCGGCTAGAAAAGTTAGAAGTCAAAGGCTATAGCTCAACTATAGTAAGC	0.13387383297926103	0.5285712000983933	0.39264817251972683
TACGTAGGTGGCAAGCGTTGTCCGGAATTATTGGGCGTAAAGCGCGCGCAGGCGGCCTATCCAGTCTGTCTTAAAAGTTCGGGGCTCAACCCCGTGATGG	2.033666772403776	2.640186559881566	1.2971831196468306
TACGTAAGGACCGAGCGTTGTCCGGAATCATTGGGCGTAAAGGGTACGTAGGCGGGTCATTAAGTTAGAAGTCAAAGGCTATAGCTCAACTATAGTAAGC	0.7617007620716683	0.3406270858901719	0.6168782235603762
TACGGAGGATCCAAGCGTTATCCGGATTTATTGGGTTTAAAGGGTGCGTAGGCGGCTTATTAAGTCAGGGGTGAAAGACGGTGGCTCAACCATCGCAGTG	-0.7608132235621818	0.12698031636655127	-0.9196116803664731
TACGTAGGGTGCAAGCGTTAATCGGAATTACTGGGCGTAAAGCGTGCGCAGGCGGTTTTGTAAGACTGTCGTGAAATCCCCGGGCTCAACCTGGGAATGG	-0.12535833044999922	-0.06273125437319482	-1.4007534860152768
TACGGAGGGTGCGAGCGTTAATCGGAATAACTGGGCGTAAAGGGCACGCAGGCGGTGACTTAAGTGAGGTGTGAAAGCCCCGGGCTTAACCTGGGAATTG	2.6737407572651497	1.8711617705482224	1.670432013414426
TACGTAGGGTGCGAGCGTTGTCCGGAATTACTGGGCGTAAAGAGCTCGTAGGTGGTTTGTCGCGTCGTCTGTGAAATCCCGGGGCTTAACTTCGGGCGTG	-0.5196971766566643	-1.0733238342148086	0.45647753491215237
TACAGAGGGTGCAAGCGTTAATCGGAATTACTGGGCGTAAAGCGCGCGTAGGTGGTTCGTTAAGTTGGATGTGAAAGCCCCGGGCTCAACCTGGGAACTG	0.7437403924847237	0.19912613603055274	0.0016480804901553014
TACAGAGGGTGCGAGCGTTAATCGGAATTACTGGGCGTAAAGCGAGTGTAGGTGGCTCATTAAGTCACATGTGAAATCCCCGGGCTTAACCTGGGAACTG	1.8491572268391243	1.1708670607838014	1.4156013773303462
TACGTAGGTGGCAAGCGTTGTCCGGAATTATTGGGCGTAAAGCGCGCGCAGGCGGATTGGTCAGTCTGTCTTAAAAGTTCGGGGCTTAACCCCGTGATGG	3.1449531443501106	1.372443628038762	1.5894894422512484
TACGTAGGGTGCGAGCGTTGTCCGGAATTACTGGGCGTAAAGAGCTCGTAGGTGGTTTGTCGCGTCGTCTGTGAAATTCCGGGGCTTAACTCCGGGCGTG	1.097442222395002	0.3626865861076096	0.4036866547089053
TACGGAGGGAGCTAGCGTTATTCGGAATTACTGGGCGTAAAGCGCACGTAGGCGGCTTTGTAAGTAAGAGGTGAAAGCCCAGAGCTCAACTCTGGAATTG	-0.7392015330409416	-0.624772656236293	1.2648942144136859
TACGGAGGGTGCAAGCGTTGTCCGGATTTATTGGGTTTAAAGGGTGCGTAGGCGGCCCCTTAAGTCAGCGGTGAAAGCCCGGGGCTCAACCCCGGAACCG	-1.3761596552943605	0.3448743340629319	-1.1784925340194272
TACGAAGGGGGCTAGCGTTGTTCGGAATTACTGGGCGTAAAGCGCACGTAGGCGGATATTTAAGTCAGGGGTGAAATCCCAGAGCTCAACTCTGGAACTG	1.7555456288242928	-0.8001284482818862	0.46032042517475613
TACGTAGGTCCCGAGCGTTGTCCGGATTTATTGGGCGTAAAGCGAGCGCAGGTGGTTTATTAAGTCTGGTGTAAAAGGCAGTGGCTCAACCATTGTATGC	1.8083431847477547	0.5822553751128892	1.2519639776568843
TACGTAGGGTGCAAGCGTTAATCGGAATTACTGGGCGTAAAGCGTGCGCAGGCGGTTTTGTAAGTCTGTCGTGAAAGCCCCGGGCTCAACCTGGGAATTG	0.8706206210041634	-0.801069247995021	-0.7837858079452085
TACAGAGGGTGCGAGCGTTAATCGGATTTACTGGGCGTAAAGCGTGCGTAGGCGGCTTTTTAAGTCGGATGTGAAATCCCTGAGCTTAACTTAGGAATTG	2.2352482803249947	1.700743746485112	-0.3851650832671689
TACGAAGGGGGCTAGCGTTGCTCGGAATCACTGGGCGTAAAGGGCGCGTAGGCGGCCATTCAAGTCGGGGGTGAAAGCCTGTGGCTCAACCACAGAATTG	0.6730641849423042	-1.345461714540125	-0.7659287332076596
TACGTAGGGTACGAGCGTTGTCCGGAATTATTGGGCGTAAAGAGCTCGTAGGTGGTTGGTCACGTCTGCTGTGGAAACGCAACGCTTAACGTTGCGCGTG	-0.22174905463212813	0.9566286322730759	0.4616923452835513
TACGTAGGGTGCGAGCGTTGTCCGGAATTACTGGGCGTAAAGAGCTCGTAGGTGGTTTGTCGCGTCGTTTGTGTAATACCGCAGCTTAACTGCGGGGTTG	-0.5015330187892326	0.37291814061581885	-1.071063268043475
TACGGAGGGTGCAAGCGTTATCCGGATTTATTGGGTTTAAAGGGTCCGTAGGTGGGTTGGTAAGTCAGTGGTGAAATCCTGCAGCTTAACTGTAGAATTG	-0.40496538802141036	-0.8494344833236953	0.9814316452961398
TACAGAGGGTGCAAGCGTTAATCGGATTTACTGGGCGTAAAGCGCGCGTAGGTGGCCAATTAAGTCAAATGTGAAATCCCCGAGCTTAACTTGGGAATTG	1.7620301522398583	1.7338119265693406	-0.299827563621478
TACAGAGGGTGCAAGCGTTAATCGGAATTACTGGGCGTAAAGCGCGCGTAGGTGGTTTGTTAAGTTGAATGTGAAATCCCCGGGCTCAACCTGGGAACTG	0.6937465794468514	1.541177165235875	0.46925593628696927
TACGGAGGGGGCTAGCGTTGTTCGGAATTACTGGGCGTAAAGCGCACGTAGGCGGACCAGAAAGTTGGGGGTGAAATCCCGGGGCTCAACCTCGGAACTG	0.5131076701069466	0.008811723913548342	0.369259727142377
TACAGAGGGTGCGAGCGTTAATCGGATTTACTGGGCGTAAAGCGTGCGTAGGCGGCTGATTAAGTCGGATGTGAAATCCCTGAGCTTAACTTAGGAATTG	1.8482802935028664	-0.8586062076431533	1.292543192349
TACGGAGGGTGCAAGCGTTATCCGGATTTATTGGGTTTAAAGGGTCCGTAGGTGGGCTGATAAGTCAGCGGTGAAATCCTGCAGCTTAACTGTAGAACTG	0.05361188725477373	0.23646552535474097	-0.17167161688991062
TACGTAGGGTGCAAGCGTTAATCGGAATTACTGGGCGTAAAGCGTGCGCAGGCGGTTTTGTAAGTCTGACGTGAAATCCCCGGGCTCAACCTGGGAATTG	-0.798775183401049	-0.2202221038681289	0.2838215948563052
TACGTAGGGTGCAAGCGTTAATCGGAATTACTGGGCGTAAAGCGTGCGCAGGCGGTTTTGTAAGTCTGATGTGAAATCCCCGGGCTCAACCTGGGAATTG	-0.6392717234706291	-0.40075908926546777	0.6247971774559451
TACGAAGGGGGCTAGCGTTGTTCGGAATTACTGGGCGTAAAGGGCGCGTAGGCGGTACTTCAAGTCAGGCGTGAAAGCCCCGGGCTCAACCTGGGAACCG	-0.566097485265673	-0.7688916805130264	0.1943818451385928
TACGGAGGGGGTTAGCGTTGTTCGGAATGACTGGGCGTAAAGCGCGCGTAGGCGGATCGCAAAGTTGGGGGTGAAAGCCCAGGGCTCAACCCTGGAATTG	-0.46342323943132246	-0.8010687711578628	-0.24478744254298768
TACGGAGGGTGCGAGCGTTAATCGGAATGACTGGGCGTAAAGGGCACGCAGGCGGATTGTTAAGTGAGATGTGAAAGCCCCGGGCTTAACCTGGGAATTG	0.42479468659406816	0.4807334062713364	0.528002870224042
TACGTAGGGTGCGAGCGTTGTCCGGAATTACTGGGCGTAAAGAGCTCGTAGGTGGTTTGTCGCGTCGTTTGTGTAAGTCCACGGCTTAACTGTGGGATGG	-1.2490937583064454	-1.707383501802088	0.824453544757886
TACGTAGGGTGCAAGCGTTAATCGGAATTACTGGGCGTAAAGCGTGCGCAGGCGGTTTTGTAAGTCTGTCGTGAAATCCCCGGGCTCAACCTGGGAATTG	0.03155304268842851	-0.07590483454287256	0.81399424090199
TACGTAGGGTGCAAGCGTTGTCCGGAATTATTGGGCGTAAAGAGCTCGTAGGCGGTTTGTCGCGTCTGCTGTGAAATCCCGAGGCTCAACCTCGGGCTTG	-1.2797927729701417	0.20920897695004737	0.36137653603367337
TACGTAGGGTGCAAGCGTTAATCGGAATTACTGGGCGTAAAGCGTGCGCAGGCGGTTCGGAAAGAAAGATGTGAAATCCCAGAGCTTAACTTTGGAACTG	0.41945148781782304	-0.9600356700760146	-0.32593833193965427
TACGAAGGGGGCTAGCGTTGTTCGGATTTACTGGGCGTAAAGCGCACGTAGGCGGATTGTTAAGTCAGGGGTGAAATCCTGGAGCTCAACTCCAGAACTG	1.2485748954201332	-0.1336488607269546	-1.3949360726851987
TACGTAGGGTGCGAGCGTTGTCCGGAATTACTGGGCGTAAAGAGCTCGTAGGTGGTTTGTCGCGTCGTTTGTGGAAGTCCACGGCTTAACTGTGGGACTG	-0.5131244532679924	1.114567872609494	-1.1231930135268735
TACGGAAGGTCCAGGCGTTATCCGGATTTATTGGGTTTAAAGGGAGTGTAGGCGGTCTGTTAAGCGTGTTGTGAAATTTAGGTGCTCAACATTTAACTTG	-0.11289130373948897	0.054444086279271	0.7166794063072635
TACAGAGGGTGCGAGCGTTAATCGGATTTACTGGGCGTAAAGCGTGCGTAGGCGGCTTTTTAAGTCGGATGTGAAATCCCCGAGCTTAACTTGGGAATTG	1.6958944179201714	0.07620800706326758	0.45315403952412137
TACGTAGGGGGCTAGCGTTGTCCGGAATCACTGGGCGTAAAGGGTTCGCAGGCGGAAATGCAAGTCAGATGTAAAAGGCAGTAGCTTAACTACTGTAAGC	0.6972191460514656	-0.20494018820345605	-0.9776775716323423
TACGTAGGGCGCGAGCGTTGTCCGGAATTATTGGGCGTAAAGGGCTTGTAGGCGGCTGGTCGCGTCTGCCGTGAAATCCTCTGGCTCAACTGGGGGCGTG	-0.21196447535508955	0.2609131452697495	0.6406934381943179
TACGGAAGGTCCAGGCGTTATCCGGATTTATTGGGTTTAAAGGGAGTGTAGGCGGTTGGTTAAGCGTGTTGTGAAATGTAGATGCTCAACATCTGACTTG	0.375407470026075	-0.39682887819826806	-0.6937453626174497
TACAGAGGGTGCAAGCGTTAATCGGAATTACTGGGCGTAAAGCGCGCGTAGGTGGTTCGTTAAGTTGGATGTGAAATCCCCGGGCTCAACCTGGGAACTG	0.630169285097181	-1.1827403190475723	-1.5775723336715268
TACGAAGGGGGCTAGCGTTGCTCGGAATCACTGGGCGTAAAGGGCGCGTAGGCGGCTGATTTAGTCGAGGGTGAAAGCCCGTGGCTCAACCACGGAATGG	0.6083988078022591	-0.9225159767013809	-0.42165337786860935
TACGGAGGATGCGAGCGTTATCCGGATTTATTGGGTTTAAAGGGTGCGTAGGCGGCCTGTTAAGTCAGCGGTGAAATCTAGGAGCTTAACTCCTAAATTG	1.2549273498440376	1.044030640746949	1.2240551383715106
TACGTATGTCACAAGCGTTATCCGGATTTATTGGGCGTAAAGCGCGTCTAGGCGGTTAATTAAGTCTGATGTGAAAATGCGGAGCTCAACTCCGTATTGC	-0.1691847912883171	0.9063349482673386	-0.8477861760634946
TACGTAGGGTGCAAGCGTTGTCCGGAATTACTGGGCGTAAAGAGCTCGTAGGCGGTTTGTCGCGTCGTCTGTGAAAACCAGCAGCTCAACTGTTGGCTTG	-0.6413833968257316	-1.9590867641311895	-0.03913460955806247
TACGTAGGGTGCAAGCGTTAATCGGAATTATTGGGCGTAAAGCGAGTGCAGACGGTTACTTAAGCCAGATGTGAAATCCCCAAGCTTAACTTGGGACGTG	0.5525255329990975	1.3729973849910477	1.8982445718269778
TACGTAGGGCGCGAGCGTTGTCCGGAATTATTGGGCGTAAAGAGCTTGTAGGCGGTTGGTCGCGTCTGCTGTGAAAGGCTGGGGCTTAACCCTGGTTTTG	0.8892309196377388	-0.1926431539398452	0.0836180569153262
TACGTAGGGTGCGAGCGTTGTCCGGAATTATTGGGCGTAAAGGGCTCGTAGGCGGTTTGTCGCGTCGGGAGTGAAAACCAGGTGCTTAACACCTGGCTTG	-0.21443496867173995	-0.6210905197006484	-0.27921937689967624
TACGTAGGGTGCGAGCGTTGTCCGGAATTACTGGGCGTAAAGAGCTCGTAGGTGGTTTGTCGCGTCGTTTGTGGAATACCGCAGCTTAACTGCGGGGTTG	0.11702121571546709	0.8788488027709702	-0.4030126212615537
TACGTAGGGCGCAAGCGTTGTCCGGAATTATTGGGCGTAAAGAGCTCGTAGGCGGTTTGTCGCGTCTGGTGTGAAAACTCAAGGCTCAACCTTGAGCTTG	-1.8334860674952882	0.6456253645080308	-0.9349944470901059
TACGGGGGGTGCGAGCGTTAATCGGAATAACTGGGCGTAAAGGGCACGCAGGCGGTGACTTAAGTGAGATGTGAAAGCCCCGGGCTTAACCTGGGAATTG	1.7554610498333565	1.0674707633513192	-1.261375415183978
TACGGAGGGTGCAAGCGTTAATCGGAATTACTGGGCGTAAAGCGCACGCAGGCGGTCTGTTAAGTCAGATGTGAAATCCCCGGGCTTAACCTGGGAACTG	0.7045495636845223	0.5855001327651719	1.66318897619061
TACGTAGGGTGCGAGCGTTATCCGGAATTATTGGGCGTAAAGAGCTCGTAGGCGGTTTGTCGCGTCTGTCGTGAAAGTCCGGGGCTTAACCCCGGATCTG	0.44016684369093095	1.298345100607274	1.5971720935326053
TACGTAGGGTACTAGCGTTGTCCGGAATTATTGGGCGTAAAGGGCTTGTAGGTGGTTTGTCGCGTCTGTCGTGAAAACCCGGGGCTTAACTCCGGGCTTG	-0.5817067496394523	-0.3755657556396743	-0.7979092477340268
TACAGAGGGTGCAAGCGTTAATCGGAATTACTGGGCGTAAAGCGAGCGTAGGTGGCTTGATAAGTCAGATGTGAAAGCCCCGGGCTTAACCTGGGAACGG	0.3511246569538704	0.9548794147628525	-0.3251111386794614
TACGTAGGGTGCAAGCGTTAATCGGAATTACTGGGCGTAAAGCGTGCGCAGGCGGTTTTGTAAGTCTGACGTGAAAGCCCCGGGCTCAACCTGGGAATTG	1.3744946695948235	-0.06960665014803613	-0.9545380948562192
TACGGAGGGGGCTAGCGTTGTTCGGAATTACTGGGCGTAAAGCGCACGTAGGCGGACTGGAAAGTCAGAGGTGAAATCCCAGGGCTCAACCTTGGAACTG	1.2220529146576515	0.8085474190372208	0.08440698399357327
TACGTAGGGCGCAAGCGTTATCCGGAATTATTGGGCGTAAAGAGCTCGTAGGCGGTTTGTCGCGTCTGCCGTGAAAGTCCGGGGCTTAACCCCGGATCTG	-0.3222563140010246	-0.3093073251587173	0.47637112154774197
TACGTAGGGCGCAAGCGTTGTCCGGAATTATTGGGCGTAAAGAGCTCGTAGGCGGTTTGTCGCGTCTGCTGTGAAAGCCCGGGGCTTAACCCCGGGTGTG	1.5067280732179276	-0.158410179887416	-0.2532551167983579
TACGTAGGGTGCGAGCGTTAATCGGAATTACTGGGCGTAAAGCGAGCGCAGACGGTTACTTAAGCAGGATGTGAAATCCCCGGGCTCAACCTGGGAACTG	1.4004567690277687	2.4319505808013657	2.9608184219818545
TACGGAAGGTCCGGGCGTTATCCGGATTTATTGGGTTTAAAGGGAGCGTAGGCTGTCTATTAAGCGTGTTGTGAAATTTACCGGCTCAACCGGTGGCTTG	-1.1461908690547347	0.5756235239166001	-0.29957436309047214
TACGTAGGTGGCGAGCGTTATCCGGAATCATTGGGCGTAAAGAGGGAGCAGGCGGCCGCAAGGGTCTGTGGTGAAAGACCGAAGCTAAACTTCGGTAAGC	-0.4485220782374748	-2.2277401569229376	0.4524741293411685
TACGTAGGGTGCGAGCGTTGTCCGGAATTATTGGGCGTAAAGGGCTCGTAGGCGGTTTGTCGCGTCGGGAGTGAAAACGCCGTGCTTAACACGGCGCTTG	0.1430107481861702	-0.6617994191986343	-0.4570207475204038
TACAGAGGGTGCAAGCGTTAATCGGAATTACTGGGCGTAAAGCGAGCGTAGGTGGTTACTTAAGTCAGATGTGAAAGCCCCGGGCTTAACCTGGGAACTG	-0.5433502070521721	-0.8255276563507339	2.2777733923416568
TACGTAGGGTGCGAGCGTTGTCCGGAATTACTGGGCGTAAAGAGCTCGTAGGTGGTTTGTTGCGTCGTCTGTGAAATTCCGGGGCTTAACTTCGGGGTGG	0.4353611596012703	0.5578595516341904	-0.37692724452205173
TACAGAGGGTGCGAGCGTTAATCGGATTTACTGGGCGTAAAGCGTGCGTAGGCGGCTTCTTAAGTCGGATGTGAAATCCCTGAGCTTAACTTAGGAATTG	1.6579948864961258	1.3278429624694565	1.1786804915886355
TACGTAGGGTGCAAGCGTTAATCGGAATTACTGGGCGTAAAGCGTGCGCAGGCGGTTATGTAAGACAGTTGTGAAATCCCCGGGCTCAACCTGGGAATTG	-0.8776283137416252	-0.4245997550827285	0.2681301952820254
TACGTAGGGTACAAGCGTTGTCCGGAATTATTGGGCGTAAAGAGCTCGTAGGTGGTTGGTCACGTCTGCTGTGGAAACGCAACGCTTAACGTTGCGCGTG	-1.2654886118983644	0.9144935724395493	1.1417076559286548
TACGTAGGGCGCGAGCGTTGTCCGGAATTATTGGGCGTAAAGGGCTTGTAGGCGGCTGGTCGCGTCTGCCGTGAAATCCTCTGGCTCAGCTGGGGGCGTG	-0.2975278966044792	-0.36918269423067773	0.3027662159424258
TACGTAGGGTGCAAGCGTTGTCCGGAATTATTGGGCGTAAAGAGCTCGTAGGCGGTTTGTCGCGTCTGCTGTGAAATCTGGGGGCTCAACCCCCAGCCTG	-0.7205135695552238	0.26553286286771094	-0.6701233266372251
TACGAAGGGTGCAAGCGTTAATCGGAATTACTGGGCGTAAAGCGCGCGTAGGTGGTTCGTTAAGTTGGATGTGAAAGCCCCGGGCTCAACCTGGGAACTG	1.3812267012978188	-0.1547071817261001	0.4588861586075259
TACGTAGGTGGCAAGCGTTGTCCGGATTTACTGGGCGTAAAGGGAGCGTAGGCGGATGTTTAAGTGGGATGTGAAATACTCGGGCTCAACTTGAGTGCTG	-0.3047788016414055	1.4329055366176346	-0.9397816537398862
TACGTAGGTGGCGAGCGTTGTCCGGATTTACTGGGCGTAAAGGGAGCGTAGGCGGACTTTTAAGTGAGATGTGAAATACCCGGGCTCAACTTGGGTGCTG	0.7549294956112496	-0.9563270690780898	-0.6603960870284604
TACGTAGGGTCCAAGCGTTAATCGGAATTACTGGGCGTAAAGCGTGCGCAGGCGGTTGTGCAAGACCGATGTGAAATCCCCGAGCTTAACTTGGGAATTG	0.8279296286488167	-1.7975312354904425	-0.06299971327968112
AACGTAGGTCACAAGCGTTGTCCGGAATTACTGGGTGTAAAGGGAGCGCAGGCGGGAAGACAAGTTGGAAGTGAAATCTATGGGCTCAACCCATAAACTG	0.5031100638294808	-1.0507048251968643	-0.14197109923549167
TACGTAGGTGGCAAGCGTTGTCCGGATTTATTGGGCGTAAAGCGAGCGCAGGCGGTCAATTAAGTCTGATGTGAAAGCCCCCGGCTCAACCGGGGAGGGT	2.549878311910688	1.4552126941341141	1.083300483367963
TACGTAGGGCGCGAGCGTTGTCCGGAATTATTGGGCGTAAAGAGCTTGTAGGCGGTTTGTCGCGTCTGCTGTGAAAGGCCGGAGCTTAACTCCGTGTATT	0.5793659813786141	1.7735879537719468	-0.13231013999171726
TACGGAAGGTCCAGGCGTTATCCGGATTTATTGGGTTTAAAGGGAGCGTAGGCTGGAGATTAAGTGTGTTGTGAAATGTAGACGCTCAACGTCTGAATTG	2.0045246310616127	0.8251724657672623	1.509712544224782
TACGGAGGATGCGAGCGTTATCCGGATTTATTGGGTTTAAAGGGTGCGTAGGTTGTTCGGTAAGTCAGCGGTGAAAACTGAGCGCTCAACGTTCAGCGTG	-0.6524581782435783	0.9658310976880768	-1.001199233390765
TACGAAGGGTGCAAGCGTTAATCGGAATTACTGGGCGTAAAGCGCGCGTAGGTGGTTTGTTAAGTTGGATGTGAAAGCCCCGGGCTCAACCTGGGAACTG	-0.2570543162440666	0.5111907837051133	-1.1706704972762632
TACGGAGGGCGCGAGCGTTACCCGGATTCACTGGGCGTAAAGGGCGTGTAGGCGGCCTGGGGCGTCCCATGTGAAAGACCACGGCTCAACCGTGGGGGAG	0.34768308476453935	0.8856080588954667	0.8938677729587985
TACGGAGGATCCAAGCGTTATCCGGATTTATTGGGTTTAAAGGGTGCGTAGGCGGCCTGTTAAGTCAGGGGTGAAAGACGGTAGCTCAACTATCGCAGTG	2.54859335497862	-0.028193581376673826	-0.655918347694354
TACGTAGGGGGCAAGCGTTATCCGGATTCATTGGGCGTAAAGCGCTCGTAGGCGGTCTGTTAGGTCGGGAGTTAAATCCGGGGGCTCAACCCCCGTTCGC	0.8639082439327828	-0.3984975698333999	0.7117281080704165
TACGGAGGATGCGAGCGTTATCCGGATTTATTGGGTTTAAAGGGTGCGTAGGCGGTTTGTTAAGTCAGCGGTGAAATCTCAGAGCTCAACTCTGAAACTG	0.1465650923634163	-0.4639286878448745	-1.0857534287948178
TACGTAGGGTGCGAGCGTTAATCGGAATTACTGGGCGTAAAGCGAGCGCAGACGGTTTGTTAAGCAAGATGTGAAATCCCCGGGCTCAACCTGGGAACTG	-1.1637577883815187	-1.5705033424240362	0.09851945652775207
TACGTAGGTGACAAGCGTTGTCCGGATTTATTGGGCGTAAAGGGAGCGCAGGCGGTCTGTTTAGTCTAATGTGAAAGCCCACGGCTTAACCGTGGAACGG	-0.04157553835862959	1.376701485838292	0.7339801312904788
TACGTAGGGTGCAAGCGTTGTCCGGAATTACTGGGCGTAAAGAGCTCGTAGGTGGTTTGTCACGTCGTCTGTGAAATTCCACAGCTTAACTGTGGGCGTG	0.4474268086338631	0.785564464058278	1.154187676451726
TACGTAGGGTGCGAGCGTTGTCCGGAATTACTGGGCGTAAAGGGCTCGTAGGTGGTTTGTCGCGTCGTCTGTGAAATTCTGGGGCTTAACTCCGGGCGTG	1.3370438642883888	-1.267308104310633	-1.2824880956191587
TACGTAGGGTGCAAGCGTTAATCGGAATTACTGGGCGTAAAGAGTGCGCAGGCGGTTTTGCAAGACCGATGTGAAATCCCCGGGCTTAACCTGGGAACTG	1.0925373263741127	-0.8660479667526504	1.6911448658924533
TACAGAGGGTGCAAGCGTTAATCGGAATTACTGGGCGTAAAGCGCGCGTAGGTGGTTATTTAAGTCAGATGTGAAAGCCCCGGGCTTAACCTGGGAACTG	0.592137468614637	0.22017265531003272	1.5384877593737079
TACGGAGGATACGAGCGTTATCCGGATTTATTGGGTTTAAAGGGTGCGTAGGTGGCTTTATAAGTCAGTGGTGAAAAGCTGTGGCTCAACCATAGTCTTG	-1.7415468566035628	0.022057187284825197	-0.781855094291644
TACAGAGGGTGCAAGCGTTAATCGGAATTACTGGGCGTAAAGTGCGCGTAGGTGGTTATTTAAGTCAGATGTGAAAGCCCCGGGCTTAACCTGGGAACTG	0.9615718253040901	-0.08330463198244775	-0.8811659692306089
TACGGAGGATGCGAGCGTTATCCGGAATCATTGGGTTTAAAGGGTCCGTAGGCGGGCTTATAAGTCAGAGGTGAAAGCACTGAGCTCAACTGAGTAACTG	0.901263547697126	-1.461318123613001	-2.469106185295062
TACGGAGGATACGAGCGTTATCCGGATTTATTGGGTTTAAAGGGTGCGTAGGTGGCTTCATAAGTCAGTGGTGAAAAGCTGTGGCTCAACCATAGTCTTG	-0.46226333304399336	0.6056551453727463	0.12658156170658597
TACGGAGGATGCGAGCGTTATCCGGATTTATTGGGTTTAAAGGGTGCGTAGGTGGCCTGTTAAGTCAGCGGTGAAAGGTTAGAGCTCAACTCTGACATTG	-0.24107800646776045	-1.0626348140579482	-0.10466288314052097
TACGTATGTCACGAGCGTTATCCGGATTTATTGGGCGTAAAGCGCGTCTAGGTGGTTATGTAAGTCTGATGTGAAAATGCAGGGCTCAACTCTGTATTGC	-0.8987924925898918	-0.8156334045273086	-1.1958608506698178
TACGGAGGGTGCAAGCGTTATCCGGATTTATTGGGTTTAAAGGGTCCGTAGGCGGGTCGATAAGTCAGTGGTGAAAGCCTGCAGCTTAACTGTAGAACTG	-0.3598344199275383	-2.191241848741175	-0.0812768815536069
TACGTAGGTGGCAAGCGTTGTCCGGATTTATTGGGCGTAAAGCGAGCGCAGGCGGAAGAATAAGTCTGATGTGAAAGCCCTCGGCTTAACCGAGGAACTG	0.9764640458012215	1.0529018011945466	-0.1779260514754819
TACGGAGGGTGCAAGCGTTATCCGGATTTATTGGGTTTAAAGGGTCCGTAGGCGGATTAATCAGTCAGTGGTGAAATCTCATAGCTTAACTATGAAACTG	-0.5160231463527092	0.15344060632169043	-0.205048191406207
TACGGAAGGTCCGGGCGTTATCCGGATTTATTGGGTTTAAAGGGAGCGTAGGCTGGAGATTAAGTGTGTTGTGAAATGTAGACGCTCAACGTCTGACTTG	1.2205398805523506	-0.8543463828903457	1.10305674090199
TACGAAGGGGGCTAGCGTTGCTCGGAATCACTGGGCGTAAAGGGCGCGTAGGCGGCGTTTTAAGTCGGGGGTGAAAGCCTGTGGCTCAACCACAGAATGG	1.360590694108068	-2.168703902040125	-1.7891960023421811
TACGTAGGGGGCAAGCGTTATCCGGATTTACTGGGTGTAAAGGGAGCGTAGACGGCATAGCAAGTCTGAAGTGAAAGCCCGGGGCTCAACCCCGGAACTG	-0.22563980742448653	-0.11926411417544092	0.1720885158997012
TACGAAGGGGGCTAGCGTTGCTCGGAATTACTGGGCGTAAAGGGAGCGTAGGCGGACATTTAAGTCAGGGGTGAAATCCCGGGGCTCAACCTCGGAATTG	0.046681178369580856	0.22124488326489722	0.21859742417149075
TACGTATGTCGCAAGCGTTATCCGGATTTATTGGGCGTAAAGCGCGTCTAGGCGGCTAAATAAGTCTGATGTGAAAATGCGGGGCTCAACTCCGTATTGC	-0.9422931544398674	-0.28023313311159814	-0.7963511823195981
TACGTATGGGGCGAGCGTTGTCCGGAATTATTGGGCGTAAAGGGTACGTAGGCGGCCTTTTAAGTCAGGTGTGAAAGCGTGAGGCTTAACCTCATTAAGC	0.36724973992353593	-2.6767924907547247	0.6787258507233096
TACGGAAGGTCCAGGCGTTATCCGGATTTATTGGGTTTAAAGGGAGCGTAGGCGGATTGTTAAGTCAGCGGTTAAAGGGTGTGGCTCAACCATGCATTGC	0.40382016972547685	-0.5870135906082412	-0.6341482280273008
TACGTAGGGCGCAAGCGTTGTCCGGAATTATTGGGCGTAAAGAGCTCGTAGGCGGTTTGTCGCGTCTGCTGTGAAAACCTAAGGCTCAACCTTGGGCTTG	1.941301924743711	0.4978456017631272	-1.65418385253139
TACGGAAGGTCCAGGCGTTATCCGGATTTATTGGGTTTAAAGGGAGCGTAGGCGGGCTATTAAGTCAGCGGTTAAAGCGTGTGGCTCAACCATACATTGC	-0.6328711382960686	-0.12289344099581445	-0.7593524335403012
TACGGAAGGTCCGGGCGTTATCCGGATTTATTGGGTTTAAAGGGAGCGTAGGCCGGAGATTAAGCGTGTTGTGAAATGTAGACGCTCAACGTCTGCACTG	0.16060603932386552	0.47434188100278174	0.6548942448120547
TACGTAGGGCGCAAGCGTTATCCGGAATTATTGGGCGTAAAGAGCTCGTAGGCGGTTTGTCGCGTCTGCCGTGAAAGTCCGGGGCTCAACTCCGGATCTG	0.4600533373737923	-0.8586045387130996	0.5523455859642459
TACGTAGGGTGCGAGCGTTGTCCGGATTTATTGGGCGTAAAGGGCTCGTAGGTGGTTGATCGCGTCGGAAGTGTAATCTTGGGGCTTAACCCTGAGCGTG	0.2996403105640999	-0.4629158857208511	-0.574605452873187
TACGAAGGGGGCTAGCGTTGTTCGGAATTACTGGGCGTAAAGGGCGCGTAGGCGGTGTGTCAAGTCAGGCGTGAAAGCCCCGGGCTCAACCTGGGAACCG	0.15683819130903398	-0.6644679191452285	0.8556668879013491
TACGGAAGGTTCGGGCGTTATCCGGATTTATTGGGTTTAAAGGGAGCGTAGGCCGTTTGGTAAGCGTGTTGTGAAATGTAGGAGCTCAACTTCTAGATTG	-0.7811455599879631	-0.08693383959353174	-0.19095717654414646
TACGTAGGGCGCAAGCGTTGTCCGGAATTATTGGGCGTAAAGAGCTCGTAGGCGGCTGGTCGCGTCTGTCGTGAAAACTTCCGGCTCAACCGGGGGCTTG	1.0286286600018135	1.061108287896512	2.0747792245369387
TACGGAGGGTGCAAGCGTTGTCCGGATTTATTGGGTTTAAAGGGTGCGTAGGCGGCCCGTTAAGTCAGCGGTGAAATCCCAGGGCTCAACCCTGGAACTG	0.438644660272657	0.375550579752324	0.2230371357422305
TACGGAGGATGCGAGCGTTATCCGGATTTATTGGGTTTAAAGGGAGCGTAGGTGGGTTATTAAGTCAGCGTTGTGAAAGTTTGCGGCTCAACCGTAAAAT	-0.5172026030635246	-0.5529606225830337	0.1393586517792178
TACGTATGGTGCAAGCGTTATCCGGATTTACTGGGTGTAAAGGGAGCGCAGGCGGTGCGGCAAGTCTGATGTGAAAGCCCGGGGCTCAACCCCGGTACTG	-1.2661235205745118	0.22216660949170386	-0.2708257316131162
TACGTATGGGGCGAGCGTTGTCCGGAATTATTGGGCGTAAAGGGTACGCAGGCGGTTTACCAAGTTGGATGTGAAATCTTGTAGCTCAACTACAAACGTG	0.2709101565266243	-0.7077423217636367	-0.4506780980605649
TACGTAGGGCGCAAGCGTTATCCGGAATTATTGGGCGTAAAGAGCTCGTAGGCGGTTTGTCGCGTCTGCCGTGAAAGTCCGGGGCTTAACTCCGGATCTG	-1.1835670344447493	-0.17940901545107568	1.7053128303509189
TACGTAGGTGGCAAGCGTTGTCCGGATTTATTGGGCGTAAAGCGAGCGCAGGCGGATTGATAAGTCTGATGTGAAAGCCTTCGGCTCAACCGAAGAACTG	-1.3002807967280763	-0.3882546308380386	-0.2519200919646787
TACGGAGGGGGCTAGCGTTGTTCGGAATTACTGGGCGTAAAGCGCGCGTAGGCGGCTTTGTAAGTTAGAGGTGAAAGCCCGGAGCTCAACTCCGGAATTG	0.3789218790913216	-1.4646323802810919	-0.1965250848311948
TACGGAGGATACGAGCGTTATCCGGATTTATTGGGTTTAAAGGGTGCGTAGGTTGCTTTTTAAGTCAGTGGTGAAAAGCTGTGGCTCAACCATAGTCTTG	-0.5783498160457023	-1.01048909452975	-0.7346322415847348
TACGTAGGGTGCGAGCGTTGTCCGGAATTACTGGGCGTAAAGAGTTCGTAGGCGGTTTGTCGCGTCGTTTGTGAAAACCCGGGGCTCAACTTCGGGCTTG	0.15684260205274736	1.601749789442418	-0.016165959693865695
TACGGAGGATCCAAGCGTTATCCGGATTTATTGGGTTTAAAGGGTGCGTAGGCGGTCCTATAAGTCAGTGGTGAAAGACGGCAGCTTAACTGTCGCAGTG	0.5918130405331246	-0.4845709684234878	0.8507455708008242
TACGTAGGGCGCGAGCGTTGTCCGGAATTATTGGGCGTAAAGGGCTTGTAGGCGGTTGGTCGCGTCTGCCGTGAAATCCTCTGGCTTAACTGGGGGCGTG	2.3312842376614205	0.8541519460338334	0.8159959436874811
TACGTAGGGCGCAAGCGTTATCCGGATTTATTGGGCGTAAAGAGCTCGTAGGCGGTTTGTCGCGTCTGCCGTGAAAGTCCGAGGCTCAACCTCGGATCTG	0.21146358326917802	-0.6868526819092056	-2.0268344758529233
TACGGAGGATGCGAGCGTTATCCGGATTTATTGGGTTTAAAGGGTGCGTAGGTGGCTTGTTAAGTCAGCGGTGAAAGGTTCGAGCTCAACTTGGACATTG	-0.593431698522509	0.10664225789487158	-0.9725055573958921
TACGGAAGGTCCAGGCGTTATCCGGATTTATTGGGTTTAAAGGGAGCGTAGGCCGTGGATTAAGCGTGTTGTGAAATGTAGACGCTCAACGTCTGAATTG	-1.6651375166987794	-0.08116637495577539	-0.5394455073852109
TACGTAGGGTCCGAGCGTTGTCCGGAATTATTGGGCGTAAAGGGCTCGTAGGCGGTTTGTCGCGTCGGGAGTGAAAACACCGGGCTTAACTCGGTGCTTG	-0.7736968867396721	-0.6093827369552871	-0.08809553370662204
TACGAAGGGGGCTAGCGTTGCTCGGAATCACTGGGCGTAAAGGGTGCGTAGGCGGGTCTTTAAGTCAGGGGTGAAATCCTGGAGCTCAACTCCAGAACTG	0.0005835421467415003	-1.1631039264541885	-1.3573582051772641
TACGGAGGGAGCTAGCGTTGTTCGGAATTACTGGGCGTAAAGCGCGCGTAGGCGGTTACTCAAGTCAGAGGTGAAAGCCCGGGGCTCAACCCCGGAACTG	0.6854938991451851	-0.43083010939181055	0.07521332516483792
TACGGAGGGGGCTAGCGTTGTTCGGAATTACTGGGCGTAAAGCGCACGTAGGCGGATCAGTCAGTCAGGGGTGAAATCCCGGGGCTCAACCCCGGAACTG	-1.1572332255458253	1.36230964633405	0.7005982519607974
TACGTAGGGTGCGAGCGTTGTCCGGAATTATTGGGCGTAAAGAGCTTGTAGGCGGTTTGTCGCGTCTGCTGTGAAAATCCGGGGCTCAACCCCGGACTTG	0.3721319563770882	0.5975978490966538	0.08104540123753079
TACGTAGGGGGCTAGCGTTATCCGGATTTACTGGGCGTAAAGGGTGCGTAGGCGGTCTTTCAAGTCAGGAGTTAAAGGCTACGGCTCAACCGTAGTAAGC	-1.0490743987178224	-0.2516789319854995	0.6726948739510012
TACGTAGGGTGCAAGCGTTGTCCGGAATTACTGGGCGTAAAGAGCTCGTAGGTGGTTTGTCGCGTCGTCTGTGAAATCCCGGGGCTTAACTTCGGGCGTG	0.3733930714512459	-0.4802350881439468	-0.02542434916682712
TACAGAGGTCTCAAGCGTTGTTCGGATTCATTGGGCGTAAAGGGTGCGTAGGTGGCGAGGTAAGTCTGGTGTGAAATCCCGGGGCTCAACCCCGGAACTG	-1.470486151418628	0.8983444389957169	-0.01921712145991794
TACGTAGGGTGCAAGCGTTGTCCGGAATTATTGGGCGTAAAGAGCTCGTAGGCGGTTTGTTGCGTCGGCTGTGAAAACCTGAGGCTCAACCTCAGGCCTG	-0.3960773818110832	0.5661199209350327	-0.20774434790797702
TACAGAGGGTGCAAGCGTTAATCGGATTTACTGGGCGTAAAGCGCGCGTAGGCGGCTAATTAAGTCAAATGTGAAATCCCCGAGCTTAACTTGGGAATTG	1.3808000214481941	1.2457606014865616	-0.7132942555923032
TACGTAGGGTGCGAGCGTTGTCCGGAATTACTGGGCGTAAAGAGCTCGTAGGTGGTTTGTCGCGTCGTGTGTGAAATTCCGGGGCTTAACTTCGGGGTTG	-1.1766807906245607	-2.093336928163172	-0.10606144652553073
TACGGAAGGTCCGGGCGTTATCCGGATTTATTGGGTTTAAAGGGAGCGTAGGCCGGAGATTAAGCGTGTTGTGAAATGTAGATGCTCAACATCTGAACTG	-2.0273654334163087	1.7222435590881089	1.7461876095753146
TACGTAGGGCGCAAGCGTTGTCCGGAATTATTGGGCGTAAAGAGCTCGTAGGCGGTTTGTCGCGTCTGCTGTGAAAGCCCGGGGCTCAACCCCGGGTCTG	0.33465648964887773	0.2749464628356675	-0.5260453103560971
TACGTAGGGCGCAAGCGTTGTCCGGAATTATTGGGCGTAAAGAGCTCGTAGGCGGTTTGTCGCGTCTGTCGTGAAAACCCACAGCTTAACTGTGGGCTTG	0.4751231797123543	-1.0399459483963271	1.4765466870289279
TACGTAGGTGGCAAGCGTTGTCCGGAATTATTGGGCGTAAAGCGCGCGCAGGCGGTCTCTTAAGTCTGATGTGAAAGCCCCCGGCTCAACCGGGGAGGGT	0.44827629403120195	0.08479751321255957	1.0736292125206424
TACAGAGGGTGCAAGCGTTAATCGGAATTACTGGGCGTAAAGCGAGCGTAGGTGGCTTGATAAGTCAGATGTGAAATCCCCGGGCTTAACCTGGGAACTG	-0.6393196456050285	-0.2107381704193374	0.3525570751648379
TACAGAGGGTGCGAGCGTTAATCGGATTTACTGGGCGTAAAGCGTGCGTAGGCGGCTAATTGAGTCGGATGTGAAATCCCCGAGCTTAACTTGGGAATTG	1.19523499683386	0.5588320014137009	-0.41748117194362155
TACAGAGGGTGCAAGCGTTAATCGGAATTACTGGGCGTAAAGCGCGCGTAGGTGGCTTGGTAAGTTGAATGTGAAATCCCCGGGCTCAACCTGGGAACTG	0.02121485547071611	0.7436527428287247	-2.391480910636859
TACGTAGGGCGCGAGCGTTGTCCGGAATTATTGGGCGTAAAGAGCTCGTAGGCGGCTGGTCGCGTCTGTCGTGAAATCCTCTGGCTTAACTGGGGGCTTG	0.18676890210157548	0.9377028462547043	0.9752314807396365
TACGTAAGGACCGAGCGTTGTCCGGAATCATTGGGCGTAAAGGGTACGTAGGCGGGTTTTTAAGTTAGAAGTCAAAGGCTATAGCTCAACTATAGTAAGC	1.5448673047209374	0.6552080628532151	1.1109871835928393
TACGGAGGATCCAAGCGTTATCCGGATTTATTGGGTTTAAAGGGTGCGTAGGCGGCCTATTAAGTCAGGGGTGAAAGACGGTGGCTCAACCATCGCAGTG	-0.9604153506373772	-0.15719424513399805	-0.6343097566146421
TACGTAGGTGGCGAGCGTTATCCGGAATTATTGGGCGTAAAGGGTGCGTAGGCGGCCTGTTAAGTAAGTGGTTAAATTGTTGGGCTCAACCCAATCCAGC	0.9815527923489205	-1.4985178592544806	-1.8599059461135434
TACGTATGTCCCGAGCGTTATCCGGATTTATTGGGCGTAAAGCGAGCGCAGACGGTTTATTAAGTCTGATGTGAAAGCCCGGAGCTCAACTCCGGAATGG	-0.9715862147426018	2.014409851755498	0.47803629650883206
TACGTAGGTGGCAAGCGTTGTCCGGATTTATTGGGCGTAAAGCGAGCGCAGGCGGTTTCTTAAGTCTGATGTGAAAGCCTTCGGCTCAACCGAAGAAGTG	1.0110078580761543	0.9362460640329102	-0.6474037049788999
TACGTAGGGGGCTAGCGTTATCCGGATTTACTGGGCGTAAAGGGTGCGTAGGTGGTCTTTCAAGTCGGTGGTTAAAGGCTACGGCTCAACCGTAGTTAGC	-1.8054368369197267	-0.20656977919161523	0.3176071764450503
TACGTAGGGTGCGAGCGTTGTCCGGATTTACTGGGCGTAAAGAGCTCGTAGGTGGCTTGTCGCGTCGTCTGTGAAAGTCTGGGGCTTAACTCCGGGTGTG	1.3442249275827995	-1.3107601287704718	-0.30667768702693454
TACGAAGGGTGCAAGCGTTACTCGGAATTACTGGGCGTAAAGCGTGCGTAGGTGGTCGTTTAAGTCCGTTGTGAAAGCCCTGGGCTCAACCTGGGAACTG	2.003801447906553	1.3714178321021775	-0.6799151776809271
TACGTAGGGTGCGAGCGTTAATCGGAATTACTGGGCGTAAAGCGGGCGCAGACGGTTACTTAAGCAGGATGTGAAATCCCCGGGCTCAACCTGGGAACTG	-0.6436133257960686	1.6669198987144211	0.99312181486897
TACGTAGGGTGCGAGCGTTGTCCGGAATTATTGGGCGTAAAGAGCTCGTAGGCGGTGTGTCACGTCGGCCGTGAAAACCTGGGGCTTAACTCTGGGCGTG	0.6282163389111153	-0.8166116359573623	-0.7277281163711118
TACGGAGGATGCAAGCGTTATCCGGATTTATTGGGTTTAAAGGGTGCGTAGGCGGTATTACAAGTCAGGGGTGAAATCTTGGTGCTTAACATTAAAATTG	-0.9565501086329826	-1.0084057929855605	0.5321929575424624
TACGTAGGGCGCAAGCGTTGTCCGGAATTATTGGGCGTAAAGAGCTTGTAGGTGGCTTGTCGCGTCTGCCGTGAAAACCCGAGGCTCAACCTCGGGCGTG	-0.2102020852183708	0.03369070264279639	0.22464205040745266
TACGTAGGGTGCAAGCGTTAATCGGAATTACTGGGCGTAAAGCGTGCGCAGGCGGTTATGCAAGACAGAGGTGAAATCCCCGGGCTCAACCTGGGAACTG	-0.2291663758372673	0.5580430743354539	-1.0069546578902768
TACGTAGGGCGCAAGCGTTGTCCGGAATTATTGGGCGTAAAGAGCTCGTAGGCGGTTTGTCGCGTCTGCTGTGAAAGCCCGGGGCTTAACCCCGTGGTGT	-0.971828686437548	-0.14850150373995508	-0.22448526606746189
TACGAAGGGGGCTAGCGTTGCTCGGAATCACTGGGCGTAAAGGGCGCGTAGGCGGCCGATTAAGTCGGGGGTGAAAGCCTGTGGCTCAACCACAGAATTG	-0.8400502078151115	-1.16464530256808	-1.521610724784808
TACGGAGGGTGCAAGCGTTATCCGGATTTATTGGGTTTAAAGGGTCCGTAGGCGGATCTGTAAGTCAGTGGTGAAATCTCACAGCTTAACTGTGAAACTG	1.7731587566519371	-0.03563414839327539	-0.019433247901873507
TACGTAAGGTCCGAGCGTTGTCCGGAATCATTGGGCGTAAAGGGTACGTAGGCGGATAAGCAAGTTAGAAGTGAAATCCTATAGCTCAACTATAGTAAGC	0.905866933622419	1.9895503637450913	-0.10999642596431247
TACGGAGGGAGCTAGCGTTATTCGGAATTACTGGGCGTAAAGCGCACGTAGGCGGCTTTGTAAGTTAGAGGTGAAAGCCTGGAGCTCAACTCCAGAATTG	-0.4445667140101799	-0.8802698734146377	1.1064812065582705
TACGGAGGATCCAAGCGTTATCCGGAATCATTGGGTTTAAAGGGTCCGTAGGCGGTTTAATAAGTCAGTGGTGAAAGCCCATCGCTCAACGGTGGAACGG	-0.9524683825587639	-0.6441931608063003	0.23579705967716702
TACGTAGGGGGCAAGCGTTATCCGGATTTACTGGGTGTAAAGGGAGCGTAGACGGCATGGCAAGCCAGATGTGAAAGCCCGGGGCTCAACCCCGGGACTG	0.894692731657087	1.124231197412608	0.7893974901657534
TACGTAGGGTGCGAGCGTTAATCGGAATTACTGGGCGTAAAGAGTGCGCAGGCGGTTTTGCAAGACCGATGTGAAATCCCCGGGCTTAACCTGGGAACTG	-2.1079223029231446	0.1781841632980088	-0.045485842086748995
TACGAAGGGGGCTAGCGTTGCTCGGAATCACTGGGCGTAAAGGGCGCGTAGGCGGTCTTTTAAGTCGGGGGTGAAAGCCTGTGGCTCAACCACAGAATTG	-0.07638548537248457	-1.9331499221664679	-1.3680803655166196
TACGTAGGTGGCAAGCGTTGTCCGGATTTATTGGGCGTAAAGCGAGCGCAGGCGGAATGATAAGTCTGATGTGAAAGCCCACGGCTCAACCGTGGAACTG	-0.22311698122972334	-0.46122657087862695	-0.05319832549281589
TACGGAGGGTGCGAGCGTTAATCGGAATAACTGGGCGTAAAGGGCACGCAGGCGGACTTTTAAGTGAGGTGTGAAAGCCCCGGGCTTAACCTGGGAATTG	1.7814873136664024	-1.2275832774978888	-2.412735926963763
TACGTAGGGTGCGAGCGTTGTCCGGAATTACTGGGCGTAAAGAGCTCGTAGGTGGTTTGTCGCGTCGTTTGTGTAAGTCCACAGCTTAACTGTGGGACTG	-0.3040950171565422	0.2943620798248032	-0.3245698092956113
TACGTAAGGTCCGAGCGTTGTCCGGAATCATTGGGCGTAAAGGGTACGTAGGCGGGTAAGCAAGTTAGAAGTGAAATCCTGTAGCTCAACTACAGTAAGC	-0.5752553813075432	1.2674441826599816	-0.08617686019130222
TACGGAGGGAGCTAGCGTTGTTCGGAATTACTGGGCGTAAAGCGCACGTAGGCGGCTTTGTAAGTTAGAGGTGAAAGCCTGGAGCTCAACTCCAGAATTG	-0.49491571112626875	0.4808076140540818	0.11195148243717679
TACGTAGGGTGCGAGCGTTAATCGGAATTACTGGGCGTAAAGCGTGCGCAGGCGGTTTTGTAAGACAGAGGTGAAATCCCCGGGCTCAACCTGGGAACTG	-1.1847014300441163	1.308479708160756	-0.4116465924758481
TACGGAGGGTGCAAGCGTTAATCGGAATTACTGGGCGTAAAGCGCACGCAGGCGGTCTGTCAAGTCGGATGTGAAATCCCCGGGCTTAACCTGGGAACTG	-1.2139611117457765	0.42918069335400855	-1.1134598134536313
TACGTAGGGTACAAGCGTTGTCCGGAATTATTGGGCGTAAAGAGCTCGTAGGTGGTTTGTCGCGTCTGCTGTGGAATCGTGCCGCTTAACGGTGCGCGTG	-0.8964223734950432	-0.10434554842531885	-1.0908050416488217
TACGTAGGGTGCGAGCGTTGTCCGGAATTATTGGGCGTAAAGGGCTCGTAGGCGGTCTGTTGCGTCAGGAGTGAAAACTCGGGGCTTAACCCCGAGCCTG	-1.6252510420894044	0.25389863225400244	0.15992761864475735
TACGTAGGGCGCAAGCGTTGTCCGGAATTATTGGGCGTAAAGGGCTTGTAGGTGGCTTGTCGCGTCTGCCGTGAAAACTCGAGGCTTAACCTTGGGCGTG	0.08461214379316484	-0.6376284244400283	-1.0173056005019712
TACGGAAGGTCCGGGCGTTATCCGGATTTATTGGGTTTAAAGGGAGCGTAGGCCGCCAGGTAAGCGTGTTGTGAAATGTACCGGCTCAACCGGTGAATTG	-1.5015354029750245	-0.6233931663376113	1.383088308341427
TACGTAGGGTGCGAGCGTTGTCCGGAATTATTGGGCGTAAAGGGCTCGTAGGCGGTTTGTCGCGTCGGGAGTGAAAACTCAGGGCTTAACCCTGAGCCTG	-2.7159516684626954	0.6030565020698289	0.0768882156830264
TACGTAGGGCGCGAGCGTTGTCCGGATTTATTGGGCGTAAAGAGCTCGTAGGTGGTTCGTCGCGTCTGTCGTGAAAGCCAGCAGCTTAACTGTTGGTCTG	-0.7575757376765617	-0.6806732299667617	-0.6937265275497015
TACGTAGGGTGCAAGCGTTGTCCGGAATTATTGGGCGTAAAGAGCTCGTAGGCGGTTTGTCGCGTCGGCTGTGAAAGCCCGGAGCTCAACTCCGGGTCTG	-1.2618484370326417	-0.2503903987747451	1.7980888308506442
TACGGAGGGTGCGAGCGTTAATCGGAATAACTGGGCGTAAAGGGCACGCAGGCGGTTATTTAAGTGAGGTGTGAAAGCCCCGGGCTTAACCTGGGAATTG	1.757165697970449	2.202647816862462	2.6290390612106753
TACGTAGGGTGCGAGCGTTGTCCGGAATTACTGGGCGTAAAGAGCTCGTAGGTGGTCTGTCGCGTCATTTGTGAAAGCCCGGGGCTTAACTCCGGGTTGG	2.4756889470005623	0.018135320867894045	2.1330623151283694
TACGTAGGGTGCGAGCGTTGTCCGGAATTATTGGGCGTAAAGAGCTCGTAGGCGGTTCGTCGCGTCGAATGTGAAATCCCGGGGCTCAACTCCGGGTCTG	0.8885147698307625	-1.0888944747787734	-0.005330073692278781
TACGGAAGGTCCAGGCGTTATCCGGATTTATTGGGTTTAAAGGGAGCGTAGGCGGATTATTAAGTCAGTGGTGAAAGACGGTGGCTCAACCATCGTTAGC	2.6957932837391487	1.8027541157859543	0.5427531124573184
TACGGAGGATGCGAGCGTTATCCGGATTTATTGGGTTTAAAGGGTGCGTAGGCGGTTTGTTAAGTCAGCGGTGAAATCTAGAGGCTCAACCTCGAAACTG	2.534914625444471	0.7938146111625413	0.06009866013340481
TACGTAGGTGGCAAGCGTTGTCCGGATTTATTGGGCGTAAAGCGAGCGCAGGCGGTTCCTTAAGTCTGATGTGAAAGCCCCCGGCTCAACCGGGGAGGGT	2.0592213399792305	0.8898388561862687	1.0753050567131472
TACGGAGGGTGCAAGCGTTATCCGGACTTATTGGGTTTAAAGGGTCCGTAGGCGGGTTATTAAGTCAGTGGTGAAATCTCATAGCTCAACTATGAAACTG	1.45213895813471	0.8956405040878037	-1.5063195107955503
TACGTAGGTGGCGAGCGTTGTCCGGATTTATTGGGCGTAAAGGGAGTGTAGGCGGTCTTTTAAGTCTGATGTGAAAGCCCACGGCTCAACCGTGGAGGGT	0.007162225999890914	-0.6406525256973525	0.7543377996902896
TACGGAAGGTCCAGGCGTTATCCGGATTTATTGGGTTTAAAGGGTGCGTAGGCCGTTTGATAAGCGTGCTGTGAAATATAGTGGCTCAACCTCTATCGTG	1.2587165661240212	1.3141845283168534	1.288620178542657
TACGGAGGATCCGAGCGTTATCCGGATTTATTGGGTTTAAAGGGAGCGTAGGTGGACTGGTAAGTCAGTTGTGAAAGTTTGCGGCTCAACCGTAAAATTG	0.7478509076023689	0.131425869192479	-2.3164937375564145
TACGGAGGATGCGAGCGTTATCCGGAATCATTGGGTTTAAAGGGTCCGTAGGCGGGCTGATAAGTCAGAGGTGAAAGCGCTTAGCTCAACTAAGCAACTG	-0.7602965705012688	-1.064981568132045	0.8807359756451083
TACGGAGGGAGCTAGCGTTGTTCGGAATTACTGGGCGTAAAGCGCACGTAGGCGGCGATTCAAGTCAGAGGTGAAAGCCCGGGGCTCAACCCCGGAACTG	-0.8694062106227287	-0.6272169235092422	0.239820611618085
TACGTAGGGTACTAGCGTTGTCCGGAATTATTGGGCGTAAAGAGCTCGTAGGTGGTTTGTCGCGTCTGCTGTGGAAACGTGCCGCTTAACGGTGCGCGTG	-1.159948574743213	-0.3685715082031509	0.5895623089294864
TACAGAGGGTGCAAGCGTTAATCGGATTTACTGGGCGTAAAGCGTGCGTAGGTGGCCAATTAAGTCAAATGTGAAATCCCCGAGCTTAACTTGGGAATTG	-0.11606799288743819	0.6616501626628617	0.1740815760117007
TACGGAGGGTGCGAGCGTTAATCGGAATTACTGGGCGTAAAGCGCATGCAGGCGGTCTGTTAAGCAAGATGTGAAAGCCCGGGGCTCAACCTCGGAACAG	0.32395685986524736	-1.3993195178848516	-0.02751802191920749
TACGTAGGGTGCGAGCGTTGTCCGGATTTACTGGGCGTAAAGGGCTCGTAGGTGGTGTGTCGCGTCGTCTGTGTAATCCAGGGGCTTAACTTTTGGTTGG	-0.8128087393855461	-0.5709296348434707	-0.6290317653197812
TACGTAGGTGGCAAGCGTTGTCCGGAATTATTGGGCGTAAAGCGCGCGCAGGCGGATCAGTTAGTCTGTCTTAAAAGTTCGGGGCTTAACCCCGTGATGG	-0.1584581009959587	0.37172235223233496	-1.32491778121181
TACGTATGTCGCGAGCGTTATCCGGAATTATTGGGCATAAAGGGCATCTAGGCGGCCTGACAAGTCAGGGGTGAAAACCTGCGGCTCAACCGCAGGCCTG	-0.35373316927903975	0.2305467245238999	-0.2851296542663144
TACGGAAGGTCCGGGCGTTATCCGGATTTATTGGGTTTAAAGGGAGCGTAGGCCGTGGATTAAGCGTGTTGTGAAATGCAGGTGCTCAACGTCTGCACTG	0.17742480114942705	-0.7291025998932144	-0.9671938298720884
TACGGAAGGTCCGGGCGTTATCCGGAATTATTGGGTTTAAAGGGAGCGCAGGCGGGAGTATAAGTCAGCTGTTAAATATCAGGGCCCAACTCTGTTATGC	0.7083680160427681	-0.3326105954986831	-0.5185156940002011
TACGTAGGGGGCTAGCGTTGTCCGGAATCACTGGGCGTAAAGGGTTCGCAGGCGGCAATGCAAGTCAGATGTAAAAGGCAAAGGCTCAACCTTTGTAAGC	0.7415231593037239	-0.3910522344452163	-0.8138847230453061
TACGTAGGGCGCGAGCGTTGTCCGGAATTATTGGGCGTAAAGGGCTTGTAGGCGGTTGGTCGCGTCTGCCGTGAAATTCTCTGGCTTAACTGGGGGCGTG	-0.02276860400194014	-0.0681980731827041	-0.074241626121478
TACGGAAGGTCCAGGCGTTATCCGGATTTATTGGGTTTAAAGGGAGCGTAGGCGGATTGTTAAGTCAGCGGTTAAAGGGTGTGGCTCAACCATACATTGC	0.22342552021986162	1.944687497343419	-0.9451000569839048
TACGTAGGGGGCAAGCGTTATCCGGATTTACTGGGTGTAAAGGGAGCGCAGACGGCGAAGCAAGTCTGAAGTGAAATGCATGGGCTCAACCCATGAATTG	-0.8705794684504875	0.7880646702903489	0.067978513382001
TACGTAGGGCGCGAGCGTTGTCCGGAATTATTGGGCGTAAAGGGCTCGTAGGCGGTTTGTCGCGTCTAGCGTTTAAGGCTCGGGCTTAACCCGGGTTTGC	-0.16308628245347823	-0.1222759368759414	1.5880537600737048
TACGTAGGGAGCAAGCGTTGTCCGGATTTACTGGGTGTAAAGGGTGCGTAGGCGGCTTTGCAAGTCAGATGTGAAATCTATGGGCTCAACCCATAGCCTG	-0.9941427580928215	0.03931332799374854	0.31290866150669583
TACGTAGGGTGCGAGCGTTGTCCGGATTTACTGGGCGTAAAGGGCTCGTAGGTGGTGTGTTGCGTCGTCTGTGTAATCCAGGGGCTTAACTTTTGGTTGG	-1.6355972163295167	0.22362054559170996	0.2597594381790591
TACGGAGGGTGCAAGCGTTACTCGGAATCACTGGGCGTAAAGGACGCGTAGGCGGATTATCAAGTCTCTTGTGAAATCCTATGGCTTAACCATAGAACTG	0.5138800270939461	0.9363911268371323	0.3095595957260562
TACGGAAGGTTCGGGCGTTATCCGGATTTATTGGGTTTAAAGGGAGCGTAGGCCGTAGATTAAGCGTGTTGTGAAATGTAGATGCTCAACATCTGACTTG	-1.0677695147609132	-0.09555529383242334	-1.2316763280410337
TACGTAGGGGGCAAGCGTTATCCGGATTTACTGGGTGTAAAGGGAGCGCAGACGGCAATGCAAGTCTGAAGTGAAAGGCGTGGGCTCAACCCATGAACTG	-0.5503580443477043	-0.001868593965174803	0.08635188355259338
TACGGAGGGGGTTAGCGTTGTTCGGAATGACTGGGCGTAAAGCGCGCGTAGGCGGATCAGGAAGTTGGGGGTGAAATCCCGGGGCTCAACCCCGGAATGG	-0.9739110343074211	-1.461637366090418	-0.3193924306411313
TACGGAGGATGCGAGCGTTATCCGGATTTATTGGGTTTAAAGGGTGCGTAGGTGGGCTATTAAGTCAGTGGTGAAAGTTTGTCGCTCAACGATAAAATTG	-0.5293948523616203	-0.03862856653750146	-0.5590947745818662
TACGTAGGGGGCTAGCGTTATCCGGATTTACTGGGCGTAAAGGGTGCGTAGGTGGTCCTTCAAGTCGGTGGTTAAAGGCTACGGCTCAACCGTAGTAAGC	-1.111378895482959	0.2658628937858323	0.5027898670654727
TACAGAGGGTGCAAGCGTTAATCGGAATTACTGGGCGTAAAGCGAGCGTAGGTGGCTTAATAAGTCAGATGTGAAATCCCCGGGCTTAACCTGGGAACTG	1.4106316544199577	-0.10078047541201318	-0.9252273915786313
TACGGAGGATGCGAGCGTTATCCGGAATCATTGGGTTTAAAGGGTCCGTAGGCGGGCTAATAAGTCAGAGGTGAAAGCGCTCAGCTCAACTGAGCAACTG	0.18877567128187334	-0.2725416305404922	-0.1675249217528867
TACGTAGGGGGCAAGCGTTATCCGGATTTACTGGGTGTAAAGGGAGCGTAGACGGAATGGCAAGTCTGAAGTGAAATACCCGGGCTCAACCTGGGAACTG	0.14418865517622148	-0.5756056192261001	1.2916804598193599
TACGTAAGGACCGAGCGTTGTCCGGAATCATTGGGCGTAAAGGGTACGTAGGCGGTTAAAAAAGTTAGAAGTGAAAGGCTATAGCTCAACTATAGTAAGC	0.5888869293118111	-1.0249034049850723	-0.8628783105392026
AACGTAGGGTGCAAGCGTTGTCCGGAATTACTGGGTGTAAAGGGAGCGCAGGCGGACCGGCAAGTTGGAAGTGAAAACTATGGGCTCAACCCATAAATTG	-0.9223880641078361	-1.374737370286585	-1.9428646443862485
TACAGAGGGTGCAAGCGTTAATCGGAATTACTGGGCGTAAAGCGCGCGTAGGTGGTTAGTTAAGTTGGATGTGAAATCCCCGGGCTCAACCTGGGAACTG	1.8993701167488686	1.7837393996375779	0.7773211719017459
TACGTAGGTGGCAAGCGTTGTCCGGAATTATTGGGCGTAAAGCGCGCGCAGGCGGCCTCTTAAGTCTGATGTGAAAGCCCCCGGCTCAACCGGGGAGGGC	-0.7657217852687248	-1.9667881610733282	-1.690057980873065
TACGGAGGGGGCTAGCGTTGTTCGGAATTACTGGGCGTAAAGCGCACGTAGGCGGCGATTTAAGTCAGAGGTGAAAGCCCGGGGCTCAACCCCGGAACTG	-0.16842125578874434	0.6117394683021287	0.9481702567558719
TACGGAGGGTGCAAGCGTTAATCGGAATTACTGGGCGTAAAGCGCACGCAGGCGGTTGGATAAGTTAGATGTGAAAGCCCCGGGCTCAACCTGGGAATTG	0.42954183892255937	1.0255044517177323	0.36210460676960476
TACGTAGGTGGCAAGCGTTATCCGGATTTATTGGGCGTAAAGCGAGCGCAGGCGGTTTTTTAAGTCTGATGTGAAAGCCCTCGGCTTAACCGAGGAAGTG	1.466426452257692	-0.6387597205978652	-0.05541037306972019
TACGTAGGGTGCGAGCGTTGTCCGGAATTATTGGGCGTAAAGAGCTTGTAGGCGGCTTGTCGCGTCTGCTGTGAAAACCCGGGGCTTAACCCCGGGCTTG	-0.06114100142473067	-0.33846424845278467	-1.2371997712630796
TACGTAGGGTGCGAGCGTTGTCCGGAATTACTGGGCGTAAAGAGCTCGTAGGTGGTTTGTCGCGTTGTTCGTGAAAACTCACAGCTTAACTGTGGGCGTG	-0.11455498858445967	-2.585481989656092	-0.21627615676112644
TACGTAGGGTGCAAGCGTTAATCGGAATTACTGGGCGTAAAGCGTGCGCAGGCGGTTATATAAGACAGATGTGAAATCCCCGGGCTCAACCTGGGAACTG	0.4340521223927132	1.808607768740056	-1.0570287583846616
TACGAAGGGGGCTAGCGTTGTTCGGATTTACTGGGCGTAAAGCGCACGTAGGCGGACTTTTAAGTCAGGGGTGAAATCCCGGGGCTCAACCCCGGAACTG	-1.189903008184375	0.9120494839805344	0.5185092212181521
TACGGAGGGGGCTAGCGTTGTTCGGAATTACTGGGCGTAAAGCGCACGTAGGCGGATCGGAAAGTTGGGGGTGAAATCCCGGGGCTCAACCTCGGAACTG	-0.08997379466050948	-0.9976841094833633	0.0513837458115054
TACGTAGGGTGCAAGCGTTAATCGGAATTACTGGGCGTAAAGCGTGCGCAGGCGGTTGTGCAAGACCGATGTGAAATCCCCGGGCTTAACCTGGGAATGG	-1.252616154394092	-1.6162992599350225	0.5795456887703372
TACGTAGGGTGCAAGCGTTGTCCGGAATTACTGGGCGTAAAGAGCTCGTAGGTGGTTTGTCGCGTCGTCTGTGAAAGCCCGGGGCTTAACTCCGGGTCTG	-0.0011855237101920935	-0.7691767099243423	-0.19593905196376316
TACGTAGGGTGCAAGCGTTAATCGGAATTACTGGGCGTAAAGCGTGCGCAGGCGGTTTTGTAAGACAGTGGTGAAATCCCCGGGCTCAACCTGGGAACTG	1.1892941720867745	0.38719381066739356	-1.6235647080916928
TACGTAGGGTGCAAGCGTTGTCCGGAATTATTGGGCGTAAAGAGCTCGTAGGCGGTCTGTCGCGTCGGCTGTGAAAACTCGGGGCTCAACCCCGAGCCTG	0.5205667145634285	-1.4700008514267218	0.09674454941563138
TACGTAGGGGGCAAGCGTTATCCGGATTTACTGGGTGTAAAGGGAGCGCAGACGGCTCTGCAAGTCTGAAGTGAAAGCCCGCGGCTTAACCGCGGGACTG	-0.17871903105729903	-0.7492142799240371	-0.4668810246963071
TACGTAGGGGGCTAGCGTTGTCCGGAATCACTGGGCGTAAAGGGTTCGCAGGCGGAATAACAAGTCAGATGTGAAAGGCATGGGCTCAACCCATGTAAGC	1.350626585640966	-0.5301680448395034	0.8229717732887698
TACGTAGGGCGCGAGCGTTGTCCGGAATTATTGGGCGTAAAGGGCTTGTAGGCGGCTTGTTGCGCCTGCTGTGAAAACGCGGGGCTTAACTTCGCGCGTG	-0.3123279683207878	-0.9112034919601699	-0.14246474490352146
TACGGAAGGTCCAGGCGTTATCCGGATTTATTGGGTTTAAAGGGAGTGTAGGCGGTTTGTTAAGCGTGTTGTGAAATTTAGATGCTCAACATTTAACTTG	-1.0461380354976058	0.4951036092895249	1.2805132092457248
TACGTAGGGGGCAAGCGTTATCCGGATTTACTGGGTGTAAAGGGAGCGCAGGCGGTTTGGCAAGTTGAGAGTGGAAGCAGGGGGCTCAACCCCCTGACTG	-1.2722866408442872	-0.8654187801224014	0.9547544838409854
TACGTATGTCGCGAGCGTTATCCGGAATTATTGGGCATAAAGGGCATCTAGGCGGCCTTTCAAGTCAGGGGTGAAAACCTGCGGCTCAACCGCAGGCCTG	0.5068177111530892	0.7431581136840562	1.0094321788769198
TACGTAGGGGGCAAGCGTTATCCGGAATTATTGGGCGTAAAGAGTGCGTAGGTGGTTACCTAAGCGCAAGGTTTAATTTAGAGGCTCAACCTCTACTTGC	-2.0377430789088624	0.6023035165923813	0.5746904732208682
TACGTATGTCGCAAGCGTTATCCGGAATTATTGGGCATAAAGGGCATCTAGGCGGCCAGATAAGTCTGGGGTGAAAACTTGCGGCTCAACCGCAAGCCTG	-0.12477551623338545	0.13683022233426367	-0.6942942021865424
TACGTATGTCGCAAGCGTTATCCGGAATTATTGGGCATAAAGGGCATCTAGGCGGCCCTGTAAGTCTAGGGTGAAAACCTGCGGCTCAACCGCAGGCCTG	-0.35014806910508955	-2.008275378022791	-0.329773533203082
TACGGAGGATGCGAGCGTTATTCGGAATCATTGGGTTTAAAGGGTCTGTAGGCGGGCTATTAAGTCAGGGGTGAAAGGTTTCAGCTTAACTGAGAAATTG	0.14177752808576738	-1.8589042308670294	-0.8822326539535092
TACGTAGGGGGCAAGCGTTATCCGGATTTACTGGGTGTAAAGGGAGCGCAGACGGTTGCGCAAGTCTGAAGTGAAATCCCGAGGCTTAACCACGGGACTG	0.6505323775196663	-1.0208524349075576	-1.0138788102645444
TACATATGGGGCGAGCGTTATCCGGATTTATTGGGTGTAAAGGGTGCGTAGGCGGGAAAATAAGTCAGTATGTGAAATCCCTCGGCTCAACTGAGGAACT	0.5852717883968941	1.4955889997142533	-1.1493534921187925
TACGTAGGGTGCAAGCGTTGTCCGGATTTACTGGGCGTAAAGAGCTCGTAGGTGGTGTGTCGCGTCGTCTGTGAAATTCCGGGGCTTAACTCCGGGCGTG	0.23733152226453935	0.6852561649936417	1.781006884716077
TACGTATGTCGCGAGCGTTATCCGGAATTATTGGGCATAAAGGGCATCTAGGCGGCCGGATAAGTCTGGGGTGAAAACTTGCGGCTCAACCGCAAGCCTG	0.44090892151838457	0.3140692231315354	0.43238754286579617
TACGTATGTCGCGAGCGTTATCCGGAATTATTGGGCATAAAGGGCATCTAGGCGGCACGACAAGTCAGGGGTGAAAACTTGCGGCTCAACTGCAAGCTTG	-0.053630220136583695	-0.16363750723421777	0.0162502647858096
TACGGAGGGGGCAAGCGTTATCCGGAATTATTGGGCGTAAAGGGTACGTAGGTGGCCTTTTAAGCGTAGGGTATAAGGCAATGGCTCAACCATTGTTCGC	-1.4736137263392823	-1.2896882179123175	0.4995496989708377
TACAGAGGGTGCGAGCGTTAATCGGAATTACTGGGCGTAAAGCGAGCGTAGGTGGTTGATTAAGTCAGCTGTGAAATCCCCGGGCTTAACCTGGGAAAGT	0.0314753182316414	-2.2200986030441534	-1.4089689134139585
TACGGAAGGTCCGGGCGTTATCCGGATTTATTGGGTTTAAAGGGAGTGTAGGCGGTCTGTTAAGCGTGTTGTGAAATTTAGGTGCTCAACATTTAACTTG	-0.6878459326838859	0.8546537575381974	-0.250855076171832
TACGTATGTCGCGAGCGTTATCCGGAATTATTGGGCATAAAGGGCATCTAGGCGGCCCTGTAAGTCTAGGGTGAAAACCTGCGGCTCAACCGCAGGCCTG	0.3224277623081795	1.29880025657594	-0.19380615935512058
TACGTAGGGTGCGAGCGTTGTCCGGAATTACTGGGCGTAAAGAGCTCGTAGGTGGTTTGTCGCGTCGTCTGTGAAATTCCGGGGCTTAACTTCGGGCGTG	-0.7132351271724113	0.07736195298611914	-0.06749736056514255
TACAGAGGGTGCGAGCGTTAATCGGAATTACTGGGCGTAAAGCGCGCGTAGGCGGTTTGTTAAGTCGGATGTGAAATCCCCGGGCTCAACCTGGGAATTG	1.2090185411358467	-1.1782470825058242	-0.2146593211669492
TACGTAGGTGGCGAGCGTTATCCGGAATTATTGGGCGTAAAGAGGGAGCAGGCGGCACTAAGGGTCTGTGGTGAAAGATCGAAGCTTAACTTCGGTAAGC	0.552910698213636	2.0989012238639573	0.041609895370526395
TACGTAGGGTGCGAGCGTTGTCCGGAATTATTGGGCGTAAAGGGCTCGTAGGCGGTTTGTCGCGTCGGGAGTGAAAACACTGGGCTTAACCGAGTGCTTG	-1.1687738768672364	-1.0118921878677627	-1.4631190179366635
TACGTAGGGTCCAAGCGTTAATCGGAATTACTGGGCGTAAAGCGTGCGCAGGCGGTTGTGCAAGACCGATGTGAAATCCCCGGGCTTAACCTGGGAATTG	-1.74352239295	0.33411527844846045	0.5095055819969607
TACGGAGGGGGCTAGCGTTGTTCGGAATTACTGGGCGTAAAGCGCACGTAGGCGGCTTTGTAAGTTAGAGGTGAAAGCCCGGGGCTCAACTCCGGAATTG	-1.5841648451899903	-0.7643711450439712	1.2853604452233744
TACGAAGGGTGCAAGCGTTACTCGGAATTACTGGGCGTAAAGCGTGCGTAGGTGGTTTGTTAAGTCTGATGTGAAAGCCCTGGGCTCAACCTGGGAATTG	-0.2000228039836296	0.1747988578933457	0.259661805770917
TACGTAGGGTCCGAGCGTTGTCCGGAATTACTGGGCGTAAAGAGCTCGTAGGTGGTTTGTCGCGTTGTTCGTGAAAACTCACAGCTTAACTGTGGGCGTG	0.40691722706800615	-0.12919675139010156	0.38307483210377224
TACGGAAGGTCCGGGCGTTATCCGGATTTATTGGGTTTAAAGGGAGTGTAGGCGGCCTGTTAAGCGTGTTGTGAAATGTAGATGCTCAACATCTGAACTG	-1.591297852239551	0.29764724942624365	-1.3550493596572446
TACGGAGGGTGCAAGCGTTACTCGGAATCACTGGGCGTAAAGGGTGCGTAGGTGGATTATCAAGTCTCTTGTGAAATCTAATAGCTTAACTATTAAATTG	-1.5147180430507081	-0.27044783857882226	1.0774499000530673
AACATAGGGGGCAAGCGTTGTCCGGAATCACTGGGCGTAAAGGGCGCGCAGGCGGTCTGTTAAGTCAGATGTGAAAGGTTAGGGCTCAACCCTGAACGTG	-2.2199828497981446	-0.7912474754196426	-0.5337467072982358
TACGTAGGTGGCAAGCGTTGTCCGGAATTATTGGGCGTAAAGCGCGCGCAGGCGGTCCTTTAAGTCTGATGTGAAAGCCCACGGCTCAACCGTGGAGGGT	0.2964272625828377	-0.5856951358658096	-0.5743440269012021
TACGTAAGGACCGAGCGTTGTCCGGAATCATTGGGCGTAAAGGGTACGTAGGCGGGTATTTAAGTTAGAAGTCAAAGGCTATAGCTCAACTGTAGTAAGC	-0.5460042826747307	-0.6278997543197891	0.3954430343132449
TACGTAGGGGGCTAGCGTTATCCGGAATTACTGGGCGTAAAGGGTGCGTAGGTGGTTTCTTAAGTCAGAGGTGAAAGGCTACGGCTCAACCGTAGTAAGC	-1.5206720702266114	0.2920450088638047	-0.19199191317744724
TACGTAGGGTGCGAGCGTTGTCCGGAATTATTGGGCGTAAAGAGCTTGTAGGCGGTTTGTCGCGTCTGCTGTGAAAACTCGGGGCTTAACTCCGAGCCTG	-0.3945881001567253	0.7988870856422166	-0.6944799302596616
TACGTAGGTCCCGAGCGTTGTCCGGATTTATTGGGCGTAAAGCGAGCGCAGGCGGTTTAATAAGTCTGAAGTTAAAGGCAGTGGCTTAACCATTGTTCGC	-0.5843787066554436	0.3479405758041123	-0.7462553857345151
TACGTAGGTGGCAAGCGTTATCCGGATTTATTGGGCGTAAAGCGAGCGCAGGCGGTTGCTTAGGTCTGATGTGAAAGCCTTCGGCTTAACCGAAGAAGTG	-0.4442214839076408	0.28139282437741553	-1.7495949147719907
TACGTAGGGTCCGAGCGTTGTCCGGAATTATTGGGCGTAAAGGGCTCGTAGGCGGTCTGTCGCGTCGGGAGTGAAAACTCAGGGCTCAACCCTGAGCGTG	0.34952987507826005	1.4691338059562424	-0.7287862180251645
TACGAAGGGGGCTAGCGTTGCTCGGAATCACTGGGCGTAAAGGGCGCGTAGGCGGACTTTTAAGTCGGGGGTGAAAGCCCAGGGCTCAACCCTGGAATTG	-0.45861767455095137	0.10387803288876807	0.053491842887921415
TACGTAGGGCGCAAGCGTTGTCCGGAATTATTGGGCGTAAAGAGCTCGTAGGTGGCTTGTCGCGTCTGCCGTGAAAACCCGAGGCTCAACCTCGGGCGTG	0.2566896803761116	0.29854251119077	-0.7985436795730161
TACGGAGGGAGCTAGCGTTGTTCGGAATTACTGGGCGTAAAGCGCACGTAGGCGGCGATTTAAGTCAGAGGTGAAAGCCCGGGGCTCAACCCCGGAACTG	3.0423472054386727	1.5489299115794877	-0.8052382348556089
TACGGAGGGTGCAAGCGTTGTCCGGATTTATTGGGTTTAAAGGGTGCGTAGGCGGCCTGTTAAGTCAGCGGTGAAAGTTTATGGCTCAACCATGAAATTG	-0.1453956238841423	-0.4408494117599746	0.17982388748936184
TACGTAGGTGGCAAGCGTTGTCCGGATTTATTGGGCGTAAAGGGAGCGCAGGTGGTTTCTTAAGTCTGATGTGAAAGCCCACGGCTTAACCGTGGAGGGT	0.6101931460285774	-0.33701084879458154	0.9718235255699588
TACAGAGGGTGCGAGCGTTGTTCGGAATTACTGGGCGTAAAGCGCGCGCAGGCGGCCCTTTAAGTCTACCCGTGAAATGCCGGAGCTCAACTCCGTGCAC	-0.04684220477098311	-2.1258679511886847	0.32267714752964505
TACGTAGGGGTCGAGCGTTGTCCGGAGTTACTGGGCGTAAAGCGCGTGCAGGTGGCTCATTACGCCCGGCGTGAAAGCCCCCGGCTCAACCGGGGAGGGT	-1.3384878508662599	0.019813906874058596	0.13082863106541165
TACGAAGGGTGCAAGCGTTAATCGGAATTACTGGGCGTAAAGCGCGCGTAGGTGGCTTGATAAGTTGGATGTGAAATCCCCGGGCTCAACCTGGGAACTG	0.354657901086866	0.9870150950807313	0.16719402088932522
TACGAAGGGGGCTAGCGTTGTTCGGAATCACTGGGCGTAAAGGGCGCGTAGGCGGCTTTATAAGTCGGGGGTGAAAGCCTGTGGCTCAACCACAGAATTG	-1.3528978697871583	-0.6430430295807144	-0.39646040187068454
TACGGAGGGTGCGAGCGTTAATCGGAATTACTGGGCGTAAAGCGCATGCAGGTGGTTTGTTAAGTCAGATGTGAAAGCCCGGGGCTCAACCTCGGAAGGT	-0.19757758303636397	-0.6729768398147842	-0.8475060342330503
TACGTAGGGTCCGAGCGTTGTCCGGAATTATTGGGCGTAAAGGGCTCGTAGGCGGTTTGTCGCGTCGGGAGTGAAAACTCAGGGCTCAACCCTGAGCGTG	0.6214162834072701	-0.8470150115829727	-0.250358569480853
TACGTAGGGCGCGAGCGTTGTCCGGAATTATTGGGCGTAAAGAGCTTGTAGGCGGTTTGTCGCGTCTGCTGTGAAAGCCCGGGGCTTAACCCCGGGTTTG	0.1346317656422249	-2.509829628739954	0.7378713609199954
CACGTAGGGTGCGAGCGTTGTCCGGAATTATTGGGCGTAAAGAGCTCGTAGGCGGTGTGTCGCGTCGGCCGTGAAAACCTGCAGCTTAACTGTGGGCTTG	-0.001376496992052445	0.7533044037479142	-0.6097696898955869
TACGGAGGGGGCTAGCGTTGTTCGGAATTACTGGGCGTAAAGCGCACGTAGGCGGACCGGAAAGTTGGGGGTGAAATCCCGGGGCTCAACCTCGGAACTG	-0.1582076422786125	-0.4192558410507461	0.11315168156437316
TACGTAGGGTGCGAGCGTTGTCCGGATTTATTGGGCGTAAAGAGCTCGTAGGCGGTTTGTCGCGTCGGCCGTGAAAACCTGCAGCTTAACTGTGGGCGTG	-0.02263425513261641	-0.8769556167465469	-0.532140362121539
TACGGAGGGTGCGAGCGTTAATCGGAATAACTGGGCGTAAAGGGCACGCAGGCGGCTATTTAAGTGAGGTGTGAAATCCCCGGGCTTAACCTGGGAATTG	-0.7591402403926262	-0.45239685801089013	-0.045407998420672335
TACGTATGGTGCAAGCGTTATCCGGATTTACTGGGTGTAAAGGGAGCGTAGACGGTTGTGTAAGTCTGATGTGAAAGCCCGGGGCTCAACCCCGGGACTG	-0.9935490958308586	1.0865946305054406	-0.609740483619647
TACGTAGGGTGCAAGCGTTGTCCGGAATTACTGGGCGTAAAGAGTTCGTAGGCGGTTTGTCGCGTCGTTTGTGAAAACCAGCAGCTCAACTGCTGGCTTG	-0.10688255949968184	0.020614993299839846	-2.7043297170180844
TACGTAGGGTGCGAGCGTTGTCCGGAATTACTGGGCGTAAAGAGCTCGTAGGCGGTTTGTCACGTCGTCTGTGAAATCCCTCGGCTTAACCGGGGGCGTG	-1.2732491366481202	0.35808778973996436	-1.0224821446914243
TACGTAGGGGGCAAGCGTTATCCGGATTTACTGGGTGTAAAGGGAGCGTAGACGGAGCAGCAAGTCTGATGTGAAAGGCGGGGGCTCAACCCCCGGACTG	-1.4271054141139405	0.37358106347501074	-1.3341102479476499
TACGTATGGTGCAAGCGTTATCCGGATTTACTGGGTGTAAAGGGAGCGTAGACGGAGTGGCAAGTCTGATGTGAAAACCCGGGGCTCAACCCCGGGACTG	0.5479241736317269	-0.9226597431045791	-0.32349668727107517
TACGTAGGGTGCAAGCGTTAATCGGAATTACTGGGCGTAAAGCGTGCGCAGGCGGTTATGCAAGACAGATGTGAAATCCCCGGGCTCAACCTGGGAACTG	0.9263414271259895	1.054739151622651	-0.24724041209407321
TACGTATGGGGCGAGCGTTGTCCGGAATTATTGGGCGTAAAGGGTACGTAGGCGGTTTTTTAAGTCAGGTGTGAAAGCGTGAGGCTTAACCTCATTAAGC	-2.0180177561854737	0.8090124544757584	-0.8512217877883481
TACGGAGGGGGTTAGCGTTGTTCGGAATGACTGGGCGTAAAGCGCGCGTAGGCGGATCATCAAGTCGGGGGTGAAATCCCGGGGCTCAACCCCGGAATGG	0.07143462971693193	-0.955076325212123	0.4872965337257815
TACGAAGGGTGCAAGCGTTACTCGGAATTACTGGGCGTAAAGCGTGCGTAGGTGGTTGTTTAAGTCTGTTGTGAAAGCCCTGGGCTCAACCTGGGAATTG	-0.499916540822924	-0.4675147416931411	-0.9169432996291684
TACGAAGGGTGCAAGCGTTAATCGGAATTACTGGGCGTAAAGCGCGCGTAGGTGGTTTGTTAAGTTGGAAGTGAAAGCCCCGGGCTCAACCTGGGAACTG	-0.3424570433711418	-1.0731521728378555	-0.5669501899261045
TACGTAGGTGGCAAGCGTTGTCCGGATTTACTGGGCGTAAAGGGAGCGTAGGTGGATATTTAAGTGGGATGTGAAATACCCGGGCTTAACCTGGGTGCTG	-1.6962301604365724	0.3461776492255906	0.17522169365696438
TACGGAGGGAGCTAGCGTTGTTCGGAATTACTGGGCGTAAAGCGCACGTAGGCGGCTTTGTAAGTTAGAGGTGAAAGCCCGGGGCTCAACTCCGGAACTG	-0.17343317194932784	-0.7301907422882339	-1.1108927606124448
TACGAAGGGGGCTAGCGTTGCTCGGAATTACTGGGCGTAAAGGGCGCGTAGGCGGCGGCCCAAGTCAGGCGTGAAATTCCTGGGCTCAACCTGGGGACTG	0.3215814955616585	-0.4626781823974868	0.3578112246017886
TACGAAGGGGGCTAGCGTTGTTCGGATTTACTGGGCGTAAAGCGCACGTAGGCGGATCGTTAAGTCGGGGGTGAAATCCTGGAGCTCAACTCCAGAACTG	-1.782547222814502	-1.7949396255356085	-0.7702884553451108
TACGGAGGGGGCTAGCGTTGTTCGGAATGACTGGGCGTAAAGCGCGCGTAGGCGGATTGGCAAGTTGGGGGTGAAATCCCGGGGCTCAACCTCGGAATGG	-2.109944330892505	-0.7770998361450454	0.5704589606743289
TACGTATGTTCCAAGCGTTATCCGGATTTATTGGGCGTAAAGCGAGCGCAGACGGTTATTTAAGTCTGAAGTGAAAGCCCTCAGCTCAACTGAGGAATTG	0.6766866572285286	0.22964448901593482	0.4979174853783084
TACGTAGGGTGCGAGCGTTATCCGGATTTATTGGGCGTAAAGGGCTCGTAGGCGGTTCGTCGCGTCCGGTGTGAAAGTCCATCGCCTAACGGTGGATCTG	-0.6324558131312736	0.58142985078275	-0.7005143044967221
TACGGAGGGGGCTAGCGTTGTTCGGAATTACTGGGCGTAAAGCGCACGTAGGCGGATCGGAAAGTCAGAGGTGAAATCCCAGGGCTCAACCTTGGAACTG	-0.4041440360164055	-0.1561136129242202	0.158326995513959
TACGGAGGGTGCAAGCGTTAATCGGAATTACTGGGCGTAAAGCGCACGCAGGCGGTTTGTTAAGTCAGATGTGAAATCCCCGCGCTTAACGTGGGAACTG	0.4014523156071297	-0.3897586944443008	-1.3086295007247495
TACGAAGGGGGCTAGCGTTGTTCGGAATTACTGGGCGTAAAGCGCACGTAGGCGGACATTTAAGTCAGGGGTGAAATCCCGGGGCTCAACCCCGGAACGG	-0.09140263720506514	-0.2522193076950332	-1.0438141702193784
TACGGAGGGGGCTAGCGTTGTTCGGAATTACTGGGCGTAAAGCGCGCGTAGGCGGCTTTGTAAGTTAGAGGTGAAAGCCCGGAGCTCAACTCCGGAACTG	-0.33249484225267256	-0.4392259004455825	0.21551991715244778
TACGTAGGGTGCAAGCGTTGTCCGGAATTATTGGGCGTAAAGAGCTCGTAGGCGGTTCGTCGCGTCGGCTGTGAAAACCTGAGGCTCAACCTCAGGCCTG	0.23625994996076738	-1.4247153880935919	-0.5918052075881528
TACGTAGGGTGCGAGCGTTAATCGGAATTATTGGGCGTAAAGCGAGTGCAGACGGTTGTTTAAGCCAGATGTGAAATCCCCGAGCTTAACTTGGGACGTG	0.4527925379658333	-0.9606367233139297	-1.154251801826434
TACGTAGGGCGCGAGCGTTGTCCGGAATTATTGGGCGTAAAGAGCTTGTAGGCGGTTTGTCGCGTCTGCTGTGAAAGGCCGGGGCTTAACTCCGTGTATT	0.7457704074764839	1.1120622945088128	3.059944522522015
TACGAAGGGGGCTAGCGTTGCTCGGAATCACTGGGCGTAAAGGGCGCGTAGGCGGACTCTTAAGTCGGGGGTGAAAGCCCAGGGCTCAACCCTGGAATTG	-0.8856835238551506	0.9938274440425614	-1.4506709455031919
TACGTAGGTGGCGAGCGTTATCCGGATTTACTGGGCGTAAAGGGAGCGTAGGCGGATGATTAAGTGGGATGTGAAATACCCGGGCTCAACTTGGGTGCTG	-1.4539325110530275	-0.04554294375002588	0.2904831291656924
TACGTAGGGCGCGAGCGTTGTCCGGAATTATTGGGCGTAAAGGGCTCGTAGGCGGCTTGTCGCGTCTGCTGTGAAAATGCGGGGCTTAACTCCGTACGTG	-0.76699684782976	-0.5116118076187393	1.3515272819917632
TACGGAAGGTCCGGGCGTTATCCGGATTTATTGGGTTTAAAGGGAGCGTAGGCTGTCTATTAAGCGTGTTGTGAAATATACCGGCTCAACCGGTGGCTTG	-0.30937610789293135	-1.4059625747543585	-0.8021628736037778
TACGTATGGTGCAAGCGTTATCCGGATTTACTGGGTGTAAAGGGAGCGTAGGTGGCAAGGCAAGCCAGAAGTGAAAACCCGGGGCTCAACCGCGGGATTG	-1.9326190821742433	0.5860832450050095	1.234026727221532
TACGGAGGATCCGAGCGTTATCCGGATTTATTGGGTTTAAAGGGTGCGTAGGCGGCCTTTTAAGTCAGCGGTGAAAGTCTGTGGCTCAACCATAGAATTG	-1.7047269217585939	-1.1023841979843398	-0.992524850227313
TACGGAGGGTGCAAGCGTTATCCGGATTTATTGGGTTTAAAGGGTCCGTAGGTGGGTTAGTAAGTCAGTGGTGAAATCCTGCAGCTTAACTGTAGAATTG	0.21161319092756425	0.6287602898734788	-0.1352993129272031
TACGGAGGGTGCAAGCGTTACTCGGAATCACTGGGCGTAAAGGACGCGTAGGCGGATTATCAAGTCTCTTGTGAAATCTAACGGCTCAACCGTTAAACTG	-0.765311466894091	-0.5502793672424575	0.49846709980778225
TACGTATGTCGCAAGCGTTATCCGGAATTATTGGGCATAAAGGGCATCTAGGCGGCCAGACAAGTCTGGGGTGAAAACTTGCGGCTCAACCGCAAGCCTG	1.0560650356197945	0.19671304198682105	0.6808336497765017
TACGTAGGGTGCAAGCGTTGTCCGGAATTATTGGGCGTAAAGAGCTCGTAGGCGGTTTGTTGCGTCGGCTGTGAAATCCCGAGGCTCAACCTCGGGTCTG	-1.5841066710566896	0.8120011505740861	0.1663596750717593
TACGGAGGGAGCTAGCGTTGTTCGGAATTACTGGGCGTAAAGCGCACGTAGGCGGCTATTCAAGTCAGAGGTGAAAGCCCGGGGCTCAACCCCGGAACTG	-0.349629151067675	-0.17675136354983056	1.1275052846889926
TACGGAGGGGGCTAGCGTTGTTCGGAATTACTGGGCGTAAAGCGCGCGTAGGCGGCTTTGTAAGTTAGAGGTGAAAGCCCGGAGCTCAACTTCGGAATTG	0.4203649886036507	-0.4720032098633071	-0.966300952293353
AACGTAGGTCACAAGCGTTGTCCGGAATTACTGGGTGTAAAGGGAGCGCAGGCGGGAGAACAAGTTGGAAGTGAAATCCATGGGCTCAACCCATGAACTG	-0.037403928480089554	0.9222328332322816	-0.22687922702022068
TACGTATGGTGCAAGCGTTATCCGGATTTACTGGGTGTAAAGGGAGCGTAGACGGATGGGCAAGTCTGATGTGAAAACCCGGGGCTCAACCCCGGGACTG	-1.8212671153163331	0.8802830991405228	1.063198936126752
TACGTAGGTGGCAAGCGTTATCCGGAATTATTGGGCGTAAAGCGCGCGTAGGCGGTTTCTTAAGTCTGATGTGAAAGCCCACGGCTCAACCGTGGAGGGT	0.6506263740444771	0.8759124693530778	-0.1294176457900571
TACGTAGGGGGCAAGCGTTATCCGGATTTACTGGGTGTAAAGGGAGCGTAGACGGTGTGGCAAGTCTGATGTGAAAGGCATGGGCTCAACCTGTGGACTG	-0.5366084448909172	0.0021147844451645526	-0.3070508121032285
TACGGAGGGTGCAAGCGTTGTCCGGATTTATTGGGTTTAAAGGGTGCGTAGGCGGCCCGGTAAGTCAGTGGTGAAAGCCTCCAGCTCAACTGGAGAACTG	-0.5738763682460197	-1.3162666442734015	-0.31370662436671726
TACGGAGGGTGCGAGCGTTAATCGGAATTACTGGGCGTAAAGCGTACGCAGGCGGTTTGTTAAGCGAGATGTGAAAGCCCCGGGCTCAACCTGGGAACTG	0.5194860823536507	-0.5423316839081069	-0.15039085135646335
TACGGAGGGGGCTAGCGTTGTTCGGAATTACTGGGCGTAAAGCGCACGTAGGCGGACTGGAAAGTTGGGGGTGAAATCCCGGGGCTCAACCTCGGAACTG	0.24422360733991777	1.3140387949603776	1.0517166079502536
TACGTAGGGTGCGAGCGTTGTCCGGAATTATTGGGCGTAAAGAGCTCGTAGGCGGTGTGTCACGTCGGCCGTGAAAACCTGGGGCTCAACTCTGGGCGTG	-1.3335673682307618	-1.7060280921798956	0.40365673317722806
TACGAAGGGGGCTAGCGTTGTTCGGAATTACTGGGCGTAAAGCGCACGTAGGCGGACATTTAAGTCAGGGGTGAAATCCCGGGGCTCAACCCCGGAACTG	-1.16443942709917	-0.2604859950882217	-0.6850287793654966
TACGTAGGGCGCAAGCGTTGTCCGGAATTATTGGGCGTAAAGAGCTCGTAGGCGGTTTGTCGCGTCTGCTGTGAAAACCTGAGGCTCAACCTCGGGCTTG	-0.6763565413569816	-0.5940234544616958	-0.08719884143062107
TACGGAGGGGGCTAGCGTTGTTCGGAATTACTGGGCGTAAAGCGCACGTAGGCGGCTTTGTAAGTTAGAGGTGAAAGCCTGGAGCTTAACTCCAGAACTG	-0.9150664679622063	-0.41458772448122705	0.11703337445072659
TACGAAGGGGGCTAGCGTTGTTCGGAATTACTGGGCGTAAAGCGCACGTAGGCGGATATTTAAGTCAGGGGTGAAATCCCGCAGCTCAACTGCGGAACTG	-1.3728828303431886	0.7990554985660294	0.6303618074875308
TACGGAGGATGCGAGCGTTATCCGGATTTATTGGGTTTAAAGGGTGCGTAGGTGGTGATTTAAGTCAGCGGTGAAAGTTTGTGGCTCAACCATAAAATTG	-1.5535206667994874	1.236356098677514	0.27780057205967434
TACGTAGGGGGCAAGCGTTATCCGGAATTACTGGGTGTAAAGGGTGCGTAGGTGGTATGGCAAGTCAGAAGTGAAAACCCAGGGCTTAACTCTGGGACTG	0.16803361252790605	0.7772742328304032	1.0805976213436557
TACGTAGGGGGCAAGCGTTATCCGGATTTACTGGGTGTAAAGGGAGCGTAGACGGCAAGGCAAGTCTGATGTGAAAACCCAGGGCTTAACCCTGGGACTG	-1.1291692130183577	-0.9977310779434463	-0.5515085338134336
TACGTAGGGGGCAAGCGTTATCCGGATTTACTGGGTGTAAAGGGAGCGTAGACGGCGCAGCAAGTCTGATGTGAAAGGCAGGGGCTTAACCCCTGGACTG	0.4934027321720711	-1.4102235916000616	0.03262211098484524
TACGTATGGAGCAAGCGTTATCCGGATTTACTGGGTGTAAAGGGTGCGTAGGTGGCAGTGCAAGTCAGATGTGAAAGGCCGGGGCTCAACCCCGGAGCTG	-1.697163807592334	-1.5090693118911993	-0.7297203420180844
TACGTATGGTGCAAGCGTTATCCGGATTTACTGGGTGTAAAGGGAGCGCAGGCGGTACGGCAAGTCTGATGTGAAAGCCCGGGGCTCAACCCCGGTACTG	-1.5471269957637208	0.979595076765416	1.1554945082884265
TACGTAGGGGGCAAGCGTTATCCGGATTTACTGGGTGTAAAGGGAGCGTAGACGGATGGACAAGTCTGATGTGAAAGGCTGGGGCTCAACCCCGGGACTG	-1.9917678706263917	1.7236273405212144	-0.5977431415099668
TACGGAGGATTCAAGCGTTATCCGGATTTATTGGGTTTAAAGGGTGCGTAGGCGGTTTGATAAGTTAGAGGTGAAATCCCGGGGCTTAACTCCGGAACTG	1.7600312508726708	-0.5504878642898818	0.5461845518570376
TACGTATGGTGCAAGCGTTATCCGGATTTACTGGGTGTAAAGGGAGCGCAGGCGGAAGGCTAAGTCTGATGTGAAAGCCCGGGGCTCAACCCCGGTACTG	-0.8244643084620842	-0.2525472524505874	-0.09550188765712253
TACGTAGGTGGCAAGCGTTATCCGGAATCATTGGGCGTAAAGGGTGCGTAGGTGGCGTACTAAGTCTGTAGTAAAAGGCAATGGCTCAACCATTGTAAGC	-1.5250103346919435	0.013881218160984865	-1.3326234696883725
TACGTATGTCGCAAGCGTTATCCGGATTTATTGGGCGTAAAGCGCGTCTAGGCGGCAAGGAAAGTCTGATGTGAAAATGCGGGGCTCAACTCCGTATTGC	1.2347222693348519	-0.5671735885483047	-0.8284351705092954
TACGTATGTCCCGAGCGTTATCCGGATTTATTGGGCGTAAAGCGAGCGCAGACGGTTAATTAAGTCTGATGTGAAAGCCCGGAGCTCAACTCCGGAAAGG	-0.3471388690089592	0.7599393543857316	0.4161736489754153
TACGGAGGATCCAAGCGTTATCCGGAATCATTGGGTTTAAAGGGTCCGTAGGCGGGACAATAAGTCAGCGGTGAAAGTCTGTGGCTCAACCATAGAATTG	-0.5404181353663811	-1.1227992656570693	0.477330160282178
TACGAAGGGGGCTAGCGTTGCTCGGAATTACTGGGCGTAAAGGGAGCGTAGGCGGATAGTTTAGTCAGAGGTGAAAGCCCAGGGCTCAACCTTGGAATTG	0.866938722887098	0.5496571776527146	-1.303461301185565
TACGGAGGGTGCAAGCGTTATCCGGATTTATTGGGTTTAAAGGGTCCGTAGGCGGACTTGTAAGTCAGTGGTGAAATCTCATAGCTTAACTATGAAACTG	-0.17108129187578047	-0.6920757177215835	-0.3069341062087583
TACGGAAGGTTCGGGCGTTATCCGGATTTATTGGGTTTAAAGGGAGCGTAGGCCGGAGATTAAGTGTGTTGTGAAATGTAGACGCTCAACGTCTGACTTG	-1.3082268111323732	0.8467963454383591	-0.5115628121871518
TACGGAGGGTGCAAGCGTTATCCGGATTTATTGGGTTTAAAGGGTCCGTAGGCGGATCTGTAAGTCAGTGGTGAAATCTCATAGCTTAACTATGAAACTG	-0.9688973300074943	-0.884714472566249	-0.45380269274898044
TACGGAGGATACGAGCGTTATCCGGAATTATTGGGTTTAAAGGGTGCGTAGGTGGCGTATTAAGTCAGTGGTGAAAAGCTGCAGCTCAACTGTAGTCTTG	-0.23627566023820723	-0.014564383302333006	-0.4970793603438901
TACGTAGGTGGCAAGCGTTGTCCGGATTTATTGGGCGTAAAGCGAGTGCAGGCGGCTCGATAAGTCTGATGTGAAAGCCTTCGGCTCAACCGGAGAATTG	-0.04640411063188399	-0.08226333883822168	0.29485358013920315
TACGTAGGGTGCGAGCGTTAATCGGAATTACTGGGCGTAAAGCGAGCGCAGACGGTTACTTAAGCAGGATGTGAAATCCCCGGGCTTAACCTGGGAACTG	-0.5207080714320549	1.1448502265918234	0.3090407968979312
TACGGAGGATCCAAGCGTTATCCGGAATCATTGGGTTTAAAGGGTCCGTAGGCGGCTTAATAAGTCAGCGGTGAAAGTTTTTGGCTTAACCAAAAAATTG	0.9565007217312447	-1.108668911729457	0.465997529171033
TACGGAAGGTCCGGGCGTTATCCGGATTTATTGGGTTTAAAGGGAGCGTAGGCCGCCCCTTAAGCGTGTTGTGAAATGCGGGTGCTCAACATCCGACTTG	-0.1876716487025627	-1.5099860313278448	-2.3384499429244565
TACGTAGGTGGCGAGCGTTGTCCGGAATCATTGGGCGTAAAGGGAGCGCAGGCGGCCATGTAAGTCTTGCTTAAAAGTTCGGGGCTCAACCCCGTGATGG	-0.9376058451747307	-1.3458567741256964	-0.20202659354396335
TACGGAAGGTCCAGGCGTTATCCGGATTTATTGGGTTTAAAGGGAGCGTAGGCGGACGATTAAGTCAGCTGTGAAAGTTTGCGGCTCAACCGTAAAATTG	-0.6167020670985588	-0.8482454898697158	-0.9705204843062925
TACGTAGGGTGCGAGCGTTGTCCGGAATTACTGGGCGTAAAGAGCTCGTAGGCGGTTTGTCGCGTCGTCTGTGAAATTCTGCAACTCAATTGCAGGCGTG	-1.2162997595881837	-0.03523026732027734	0.29984737648777493
TACGGAGGGGGCTAGCGTTGTTCGGAATTACTGGGCGTAAAGCGCACGTAGGCGGACCGGAAAGTCAGAGGTGAAATCCCAGGGCTCAACCTTGGAACTG	-1.0219986312007316	-0.21665262011110986	1.7821717978935672
TACGGAGGGGGCTAGCGTTGTTCGGAATTACTGGGCGTAAAGCGCACGTAGGCGGCTTTGTAAGTCAGAGGTGAAAGCCTGGAGCTCAACTCCAGAACTG	0.1426496632481209	1.9055665251868943	-0.7805254338759955
TACGTATGGACCGAGCGTTGTCCGGAATCATTGGGCGTAAAGGGTACGTAGGCGGCCTAATAAGTTAGAAGTGAAAGAATATAGCTCAACTATATAAAGC	0.08368207291608964	0.3316472885268906	-1.5453572152633237
TACGGAGGGTGCAAGCGTTACCCGGAATCACTGGGCGTAAAGGGCGTGTAGGCGGGAAGCTAAGTCCGACTTTAAAGACCGGGGCTCAACCCCGGGAGTG	0.01989020184522783	-1.485213148866297	1.2983611421208812
TACGTAGGGGGCGAGCGTTGTCCGGAATTATTGGGCGTAAAGCGCGCGCAGGCGGTCCCTTAAGTCTGATGTGAAAGCCCACGGCTCAACCGTGGAGGGT	0.6053252346897713	1.2590157282608727	0.7725087524872256
TACGTATGTCACGAGCGTTATCCGGATTTATTGGGCGTAAAGCGCGTCTAGGTGGTTATATAAGTCTGATGTGAAAATGCAGGGCTCAACTCTGTATTGC	0.8013172276402107	1.9956951853889207	-0.09763692603297702
TACGTAGGGTGCGAGCGTTGTCCGGAATTATTGGGCGTAAAGGGCTCGTAGGCGGTTTGTCGCGTCGGGAGTGAAAACACTGGGCTTAACTCAGTGCTTG	-0.8821306101893791	0.057159673895237795	0.812397253654523
TACGTAGGTGGCAAGCGTTGTCCGGATTTATTGGGCGTAAAGCGAGTGCAGGCGGTTCAATAAGTCTGATGTGAAAGCCTTCGGCTCAACCGGAGAATTG	-0.09652649088853682	1.4667734322208146	-0.06508921370692722
TACAGAGGGTGCGAGCGTTAATCGGATTTACTGGGCGTAAAGCGTGCGTAGGCGGCTTATTAAGTCGGATGTGAAATCCCCGAGCTTAACTTGGGAATTG	1.4539898760700813	0.7571273264545182	-0.07440601573176853
TACGGAGGATCCAAGCGTTATCCGGATTTATTGGGTTTAAAGGGTGCGTAGGCGGCCTGTTAAGTCAGAGGTGAAAGACGGTAGCTCAACTATCGCAGTG	0.10865320042616045	0.13216639729916846	1.3089203992407752
TACGTAGGGCGCAAGCGTTGTCCGGAATTATTGGGCGTAAAGAGCTCGTAGGCGGTTTGTCGCGTCTGCTGTGAAAACTCAAGGCTCAACCTTGGGCTTG	0.19467820004469072	-0.30941592482149805	0.9782985569458438
TACGGAGGGGGCTAGCGTTGTTCGGAATTACTGGGCGTAAAGCGCACGTAGGCGGACCATCAAGTTGGGGGTGAAATCCCGGGGCTCAACCCCGGAACTG	-1.3987774722194093	-0.5499187591415664	0.9301796676140262
TACGTAGGGTGCGAGCGTTAATCGGAATTACTGGGCGTAAAGCGTGCGCAGGCGGTTTCGTAAGACAGAGGTGAAATCCCCGGGCTCAACCTGGGAACTG	1.3521121271038643	0.8343858537334183	-1.53062747702785
TACGGAAGGTCCGGGCGTTATCCGGAATTATTGGGTTTAAAGGGAGCGCAGGCGGGAGTGTAAGTCAGCTGTTAAATATCAGGGCCCAACTCTGTTATGC	0.001123798646985641	0.3861197945731858	-0.035264122344927706
TACGGAAGGTCCGGGCGTTATCCGGATTTATTGGGTTTAAAGGGAGCGTAGGCCGGAGATTAAGTGTGTTGTGAAATGTAGACGCTCAACGTCTGACTTG	0.6637257464314095	0.26465482684552466	-0.3026544927138852
TACGGAGGGTCCGAGCGTTAATCGGAATTACTGGGCGTAAAGCGTGCGCAGGCGGTTTGTTAAGCGAGATGTGAAAGCCCTGGGCTCAACCTAGGAATAG	1.3122260697270027	-0.2784629943710586	-1.0280678151626157
TACGTATGTCCCGAGCGTTATCCGGATTTATTGGGCGTAAAGCGAGCGCAGACGGTTGATTAAGTCTGATGTGAAAGCCCGGAGCTCAACTCCGGAATGG	1.4156606473112694	-0.7091557863098403	-0.5835803626555967
TACGGAGGGTGCGAGCGTTAATCGGAATAACTGGGCGTAAAGGGCACGCAGGCGGACTTTTAAGTGAGGTGTGAAATCCCCGGGCTTAACCTGGGAATTG	-0.39549313708299483	0.10496510240018164	0.2380212666016055
TACGGAGGGTGCAAGCGTTGTCCGGATTTATTGGGTTTAAAGGGTGCGTAGGCGGCCCGTTAAGTCAGCGGTGAAATCCCACGGCTCAACCGTGGAACTG	1.1107083387756935	-2.4253104808670294	-0.214455830909686
TACGAAGGGGGCTAGCGTTGTTCGGAATTACTGGGCGTAAAGCGCACGTAGGCGGATCGATCAGTCAGGGGTGAAATCCCAGAGCTCAACTCTGGAACTG	-1.3192715518092513	1.4267109450954178	-0.4112360356826352
TACGTAGGTGGCGAGCGTTGTCCGGAATCATTGGGCGTAAAGGGAGCGCAGGCGGGCATGTAAGTCTTTCTTAAAAGTGCGGGGCTCAACCCCGTGATGG	-0.6901111476039299	-0.6497318628174087	-0.7118325112838324
TACGTAGGGTGCAAGCGTTAATCGGAATTACTGGGCGTAAAGCGTGCGCAGGCGGTAATGTAAGACAGATGTGAAATCCCCGGGCTCAACCTGGGAACTG	-1.3793907038783448	-2.0556343677383673	0.9413565517883731
TACGAAGGGGGCTAGCGTTGTTCGGATTTACTGGGCGTAAAGCGCACGTAGGCGGATTTTTAAGTCAGGGGTGAAATCCCGGGGCTCAACCCCGGAACTG	-1.8059501521205323	1.3716722545284012	-0.5915237544555234
TACGTAGGGTGCGAGCGTTAATCGGAATTACTGGGCGTAAAGCGTGCGCAGGCGGCTTTGCAAGACAGATGTGAAATCCCCGGGCTCAACCTGGGAACTG	0.5924418099308602	-0.7579612615448257	1.182902184269948
TACGTAAGGACCGAGCGTTGTCCGGAATCATTGGGCGTAAAGGGTACGTAGGCGGGTATTTAAGTTAGAAGTCAAAGGCTATAGCTCAACTATAGTAAGC	-1.3804457060908693	2.1484643933433274	0.3791408063393069
TACGGAGGGAGCTAGCGTTGTTCGGAATTACTGGGCGTAAAGCGCACGTAGGCGGCCATTCAAGTCAGAGGTGAAAGCCCGGGGCTCAACCCCGGAACTG	1.119645190992414	1.3141672429698685	0.11361206784061917
TACGTAGGTCCAGGCGTTATCCGGATTTATTGGGTTTAAAGGGAGCGTAGGCGGATTATTAAGTCAGTGGTGAAAGACGGTGGCTCAACCATCGTTAGCC	-0.8173637263392814	-1.637026655946375	0.17519916310123929
TACGTAGGGTGCGAGCGTTAATCGGAATTACTGGGCGTAAAGCGTGCGCAGGCGGTTATGTAAGACAGATGTGAAATCCCCGGGCTCAACCTGGGAACTG	0.9275446660900704	-0.1716751935821792	-0.8289644597549009
TACGTAGGGGGCGAGCGTTGTCCGGAATGATTGGGCGTAAAGCGCGCGCAGGCGGTCCTTTAAGTCTGATGTAAAAGCCCGCGGCTTAACCGCGGAAGGT	-0.625613676748217	-0.26141713884890283	-0.6099315761107968
TACGTATGTCGCGAGCGTTATCCGGAATTATTGGGCATAAAGGGCATCTAGGCGGATATACAAGTCAGGGGTGAAAACTTAGGGCTCAACTCAAAGCTTG	-0.14059065505021895	1.6462452528136948	0.2108245016556216
TACGTAGGGTGCGAGCGTTAATCGGAATTACTGGGCGTAAAGCGTGCGCAGGCGGTCTTGTAAGACAGAGGTGAAATCCCTGGGCTCAACCTAGGAATGG	2.815205825128614	-1.3515361430984747	-1.2981436131972837
TACGTAGGGTGCGAGCGTTAATCGGAATTACTGGGCGTAAAGGGTGCGCAGGCGGCCCTGTAAGACCGGTGTGAAATCCCCGGGCTCAACCTGGGAATTG	-0.6514358393763908	-0.20150719908297265	0.6053767324905825
TACGGAAGGTCCAGGCGTTATCCGGATTTATTGGGTTTAAAGGGAGTGTAGGCGGTTTGTTAAGCGTGTTGTGAAATTTAGGTGCTCAACATTTAACTTG	-0.9189216963862785	0.4609534260886887	-0.9408998368758725
TACAGAGGGTGCAAGCGTTAATCGGAATTACTGGGCGTAAAGCGCGCGTAGGTGGTTTGTTAAGTTGGATGTGAAAGCCCCGGGCTCAACCTGGGAACTG	0.6780383713627449	0.7828675923007706	1.5810682745199633
TACGGAGGGGGCTAGCGTTGTTCGGAATTACTGGGCGTAAAGCGCACGTAGGCGGATTGGCAAGTTGGGGGTGAAATCCCAGGGCTCAACCCTGGAACTG	-1.271596180639209	1.195896719123719	0.1463396669846011
TACGGAGGGTGCAAGCGTTATCCGGATTTATTGGGTTTAAAGGGTCCGTAGGCGGATGTGTAAGTCAGTGGTGAAATCTCGCAGCTTAACTGCGAAACTG	1.3275491722012154	-0.394481170449855	0.5270195127945376
TACGTAGGGGGCGAGCGTTATCCGGATTCATTGGGCGTAAAGCGCGCGTAGGCGGCCCGGCAGGCCGGGGGTCGAAGCGGGGGGCTCAACCCCCCGAAGC	-0.8526322714900383	1.5285335001605729	-0.04725204692073337
TACGTAGGGCGCAAGCGTTATCCGGAATTATTGGGCGTAAAGAGCTTGTAGGCGGTTCGTCGCGTCTGGTGTGAAAGCCCATCGCTTAACGGTGGGTCTG	-0.40817068739885176	0.011502277578709474	-0.7163481591720151
TACGGAGGGGGCTAGCGTTGTTCGGAATTACTGGGCGTAAAGCGCACGTAGGCGGACCGGAAAGTTGGGGGTGAAATCCCGGGGCTCAACCCCGGAACTG	0.2296313174152962	-0.4756777170044204	-0.372512209274249
TACGAAGGGTGCAAGCGTTACTCGGAATTACTGGGCGTAAAGCGTGCGTAGGTGGTGGTTTAAGTCTGCTGTGAAAGCCCTGGGCTCAACCTGGGAATTG	-0.36070202513688887	-0.11267517832339013	0.38440771117023953
TACGTAGGGCGCAAGCGTTGTCCGGAATTATTGGGCGTAAAGAGCTCGTAGGCGGTTTGTCGCGTCTGCTGTGAAAACGCGAGGCTTAACCTCGCGCCTG	-1.831743942937793	0.7997032818454484	1.0679767550449801
TACGGAGGGTGCAAGCGTTAATCGGAATTACTGGGCGTAAAGCGCACGTAGGTGGTTTGTTAAGCTAGCTGTGAAATCCCCGGGCTCAACCTGGGCACTG	0.14577199296003496	-0.4323924663406631	0.8232951284866763
TACGTATGTCGCAAGCGTTATCCGGAATTATTGGGCTTAAAGGGCATCTAGGCGGTATAACAAGTTGAAGGTGAAAAGCTGTAGCTCAACTATAGTCTTG	-0.12355207129472578	-2.013388026033045	-1.0511267064590024
TACGTAGGGTGCAAGCGTTGTCCGGAATTATTGGGCGTAAAGAGCTCGTAGGCGGTCTGTCGCGTCGGCTGTGAAATCCCGAGGCTCAACCTCGGGTCTG	0.21751715020185625	-0.06324194696963037	0.8522835494499637
TACAGAGGGTGCAAGCGTTAATCGGAATTACTGGGCGTAAAGCGCACGTAGGCGGTTTTTTAAGTCAGATGTGAAAGCCCCGGGCTCAACCTGGGAATTG	0.09113491848951494	0.35331685515820777	-1.6205723165053891
TACGGAGGGGGCTAGCGTTGTTCGGAATTACTGGGCGTAAAGCGCACGTAGGCGGACCAGAAAGTTGGAGGTGAAATCCCAGGGCTCAACCTTGGAACTG	-1.8808407656764405	-0.16512631205141748	-0.7195093511123227
TACGTAGGGTGCGAGCGTTGTCCGGAATTACTGGGCGTAAAGAGCTCGTAGGTGGTCTGTCGCGTCATTTGTGAAAGCCCGGTGCTTAACTCCGGGTTGG	0.017292869844495407	-0.7308807256561538	0.37460763468555935
TACGTAGGGGGCGAGCGTTGTCCGGAATTATTGGGCGTAAAGCGCGCGCAGGCGGTCTCTTAAGTCTGATGTGAAAGCCCACGGCTCAACCGTGGAGGGT	0.46433092431074297	-0.20942770269930566	-0.0794676421660947
TACGTAGGGGGCGAGCGTTGTCCGGAATTATTGGGCGTAAAGAGCGTGTAGGCGGTTCGGTAAGTCTGCCGTGAAAACCCAGGGCTCAACCCTGGGCGTG	1.0698599942112557	-1.0590146663528701	-0.8111150144118833
TACGAAGGGGGCTAGCGTTGCTCGGAATTACTGGGCGTAAAGGGCGCGTAGGCGGATCGTTAAGTCAGAGGTGAAATCCCAGGGCTCAACCCTGGAACTG	-1.1882746092891114	1.218760688330529	0.741163921497388
TACGTAGGATCCGAGCGTTATCCGGAGTGACTGGGCGTAAAGAGTTGCGTAGGTGGTTTAATAAGCGAATAGTGAAATCTGGTGGCTCAACCATTCAGAC	-1.2496418826198	0.9102319148439149	0.12119377865604886
TACGGGGGGTGCGAGCGTTAATCGGAATAACTGGGCGTAAAGGGCACGCAGGCGGTGACTTAAGTGAGATGTGAAAGCCCCGAGCTTAACTTGGGAATTG	-0.06204007788652266	-1.5637048366409552	-0.1692879079360532
TACGTAGGGGGCAAGCGTTGTCCGGATTCACTGGGCGTAAAGCGCGCGCAGGCGGTTCTTCACGTCCGGGGTGAAAACCCAGAGCTCAACTCTGGGACTG	0.6653211243534676	0.29794127913892066	-1.3030118821639585
TACGAAGGGGGCTAGCGTTGCTCGGAATTACTGGGCGTAAAGGGCGCGTAGGCGGACAGTTTAGTCAGAGGTGAAAGCCCAGGGCTCAACCTTGGAATTG	-1.394116865835132	1.3867094484227875	0.9134847642403079
TACGTAGGGTGCAAGCGTTAATCGGAATTACTGGGCGTAAAGCGTGCGCAGGCGGTGATGTAAGACAGTTGTGAAATCCCCGGGCTCAACCTGGGAACTG	0.5324854977512947	-1.2295671584945929	-0.43142746672816745
TACGAAGGGGGCTAGCGTTGTTCGGAATTACTGGGCGTAAAGCGCACGTAGGCGGGTATTTAAGTCAGGGGTGAAATCCCAGAGCTCAACTCTGGAACTG	-0.781802641591967	-0.44322680262148584	0.5634914757233096
TACGAAGGGTGCAAGCGTTACTCGGAATTACTGGGCGTAAAGCGTGCGTAGGTGGTTCGTTAAGTCTGATGTGAAAGCCCTGGGCTCAACCTGGGAATTG	-0.3689150683497795	1.6042122957366685	-0.05915855155177585
TACGTAGGGTGCGAGCGTTGTCCGGAATTATTGGGCGTAAAGGGCTTGTAGGCGGTTTGTCGCGTCTGCTGTGAAAATCCGAGGCTCAACCTCGGACTTG	-0.2307948939418205	0.15341783734738623	0.37675405754856595
TACGTAGGTCTCAAGCGTTATCCGGATTTACTGGGCGTAAAGTGTCCGTAGTCTGATCTGTAAGTCTGTTTTCAAATCCTACGACTCAATCGTAGAAAGG	-0.6479992739772209	-0.8546367767196914	1.1495022447328997
TACGAAGGGGGCTAGCGTTGCTCGGAATTACTGGGCGTAAAGGGAGCGTAGGCGGACTGTTTAGTCAGAGGTGAAAGCCCAGGGCTCAACCTTGGAATTG	2.4068476684475533	1.4647612688201646	-1.2812414048690366
TACGTAGGGTGCGAGCGTTGTCCGGAATTACTGGGCGTAAAGAGCTCGTAGGTGGTTTGTCGCGTCGTTTGTGGAATACCGCAGCTTAACTGTGGGGTTG	-0.6302862040614494	-0.8409839752060195	0.6510090352516604
TACGGAGGATCCGAGCGTTATCCGGATTTATTGGGTTTAAAGGGTGCGTAGGCGGCCTATTAAGTCAGGGGTGAAATACGGTGGCTCAACCATCGCAGTG	-1.5175070635890382	0.30713052722394263	-1.9682881711501645
TACGTAGGGTGCGAGCGTTAATCGGAATTACTGGGCGTAAAGCGTGCGCAGGCGGCTTTGCAAGACAGAGGTGAAATCCCCGGGCTCAACCTGGGAACTG	-0.39238809271806563	2.2525612232345322	-0.7150604604262876
TACGTAGGGAGCGAGCGTTATCCGGATTCATTGGGCGTAAAGAGCGCGTAGGCGGCCTCTCAAGCGGGATCTCTAATCCGAGGGCTCAACCCCCGGCCGG	-1.1425461642360109	-0.13541673449099267	-1.6662618993300962
TACGTAGGTGGCAAGCGTTATCCGGAATTATTGGGCGTAAAGAGGGAGCAGGCGGCAGCAAGGGTCTGTGGTGAAAGCCTGAAGCTTAACTTCAGTAAGC	0.9669945962811104	0.06251920434415137	1.2913358853679124
TACGTATGTCCCGAGCGTTATCCGGATTTATTGGGCGTAAAGCGAGCGCAGACGGTTGGTTAAGTCTGATGTGAAAGCCCGGAGCTCAACTCCGGAAAGG	-0.9853443972682365	-0.47556470659792627	-0.01451741442866794
TACGGAGGGTGCGAGCGTTAATCGGAATAACTGGGCGTAAAGGGCACGCAGGCGGTTATTTAAGTGAGGTGTGAAAGCCCTGGGCTTAACCTAGGAATTG	0.791380358495771	-1.7546244743210089	1.2128399731140567
TACGGAGGGTGCAAGCGTTGTCCGGATTTATTGGGTTTAAAGGGTGCGTAGGCGGCTTGTTAAGTCCGGGGTGAAAGCCCACTGCTCAACAGTGGAACTG	-0.502543436727465	-0.37615596083224023	-1.2699289201278257
TACGTAGGGGGCAAGCGTTATCCGGATTTACTGGGTGTAAAGGGAGCGTAGACGGTTAAGCAAGTCTGAAGTGAAAGCCCGGGGCTCAACCCCGGTACTG	-1.5762517325496095	-0.10479162958681787	1.0017991186600161
TACGTAGGTGGCAAGCGTTGTCCGGAATTATTGGGCGTAAAGCGCGCGCAGGCGGCCTATTCAGTCTGTCTTAAAAGTTCGGGGCTCAACCCCGTGATGG	1.5662214472973934	-1.1638756873947402	0.4383071185570193
TACGTAGGTGGCAAGCGTTGTCCGGATTTATTGGGCGTAAAGCGCGCGCAGGCGGCTATGTAAGTCTGGTGTTAAAGCCCGGGGCTCAACCCCGGTTCGC	1.0655655391598335	-1.8591815116745245	-0.4283208726424741
TACGTAGGGCGCAAGCGTTGTCCGGAATTATTGGGCGTAAAGAGCTCGTAGGCGGTCTGTCGCGTCTGCTGTGAAAGCCCGGGGCTCAACCCCGGGTCTG	0.13186134175306474	0.4835446593421677	-0.9404687760848569
TACGTAGGGTGCAAGCGTTGTCCGGAATTACTGGGCGTAAAGAGCTCGTAGGCGGTTTGTCGCGTCGTCTGTGAAATTCTGCAGCTTAACTGCAGGCGTG	-0.883787619314135	0.15238846513211524	0.6160634876709414
TACGTAGGTGGCAAGCGTTGTCCGGATTTATTGGGCGTAAAGCGAGCGCAGGCGGTGATTTAAGTCTGATGTGAAAGCCCCCAGCTCAACTGGGGAGGGT	-0.020355688772142777	0.7876667794841508	-0.6019557593841123
TACGGAGGGTGCAAGCGTTACCCGGAATCACTGGGCGTAAAGGGCGTGTAGGCGGGACCGTAAGTCTGGTTTTAAAGACTGAGGCTCAACCTCAGGAGTG	-1.1672453753566145	-0.7661474826675674	2.0511719109039737
TACGTAGGGTGCGAGCGTTGTCCGGAATTATTGGGCGTAAAGGGCTCGTAGGCGGTTTGTCGCGTCGGGAGTGAAAACTCAGGGCTTAACTCTGAGCCTG	-0.16793082877153243	-1.8515833499771368	-0.6561732171554135
TACGAAGGGTGCAAGCGTTAATCGGAATTACTGGGCGTAAAGCGCGCGTAGGTGGTTCAGCAAGTTGGAGGTGAAATCCCCGGGCTCAACCTGGGAACTG	0.49121548012739336	0.7044358667987565	0.5077295423965884
TACGTATGTCACAAGCGTTATCCGGATTTATTGGGCGTAAAGCGCGTCTAGGCGGCTATGTAAGTCTGATGTGAAAATGCGGGGCTCAACTCCGTATTGC	1.1003928013229958	-0.8986955764633437	1.0280388118248416
TACGTAGGGGGCAAGCGTTATCCGGATTCATTGGGCGTAAAGCGCGCGTAGGCGGTCTGTTAGGTCAGGAGTTAAATCTGGGGGCTCAACCCCTATCCGC	0.6871173508549324	-1.0542257907730361	0.43168766512684353
TACGGAGGGTGCAAGCGTTAATCGGAATTACTGGGCGTAAAGCGCACGCAGGCGGTCTGTTAAGTCAGATGTGAAATCCCCGGGCTCAACCTGGGAACTG	-0.47085403128618086	0.5628959653037766	0.33214272274784573
TACGTATGTCGCGAGCGTTATCCGGAATTATTGGGCATAAAGGGCATCTAGGCGGTTATGCAAGTCAGGGGTGAAAACTTACGGCTCAACCGTGAGCTTG	2.1298958189869515	2.2512799617904404	-0.24761723265834323
TACGGAGGGTGCAAGCGTTATCCGGATTTATTGGGTTTAAAGGGTCCGTAGGCGGACTTATAAGTCAGTGGTGAAATCCTGTCGCTTAACGATAGAACTG	-0.9701709620570549	-0.7897230270248672	0.4154870630722476
TACGGAGGGAGCTAGCGTTGTTCGGAATTACTGGGCGTAAAGCGCACGTAGGCGGCTACACAAGTCAGAGGTGAAAGCCCGGGGCTCAACCCCGGAACTG	0.26017905549055254	0.5741359111922959	-0.9416265367049741
TACGGAGGGTGCAAGCGTTATCCGGATTTATTGGGTTTAAAGGGTCCGTAGGCGGATGTGTAAGTCAGTGGTGAAATCTCACAGCTTAACTGTGAAACTG	-0.23783491774553145	0.14743758412778174	1.1081835301142169
TACGGAAGGTCCAGGCGTTATCCGGATTTATTGGGTTTAAAGGGAGTGTAGGCGGTCTGTTAAGCGTGTTGTGAAATTTAGGTGCTCAACATCTACCTTG	-0.13106464072221602	-0.8197903516632339	1.2734352843385173
TACGTAGGGTACAAGCGTTGTCCGGAATTATTGGGCGTAAAGAGCTCGTAGGTGGTCTGTCACGTCTGCTGTGGAAACGCAAGGCTCAACCTTGCGCGTG	-0.8629479281520256	-1.6314922454696905	0.7273042322616998
TACGTAGGTGGCAAGCGTTGTCCGGAATTATTGGGCGTAAAGCGCGCGCAGGCGGCTACTTAAGTCCATCTTAAAAGTGCGGGGCTTAACCCCGTGATGG	-1.5819039218043702	0.16327137919842993	0.1363200069885684
TACGGAGGGGGCTAGCGTTGTTCGGAATTACTGGGCGTAAAGCGCACGTAGGCGGATAGTTAAGTCGGGGGTGAAATCCCGGGGCTCAACCCCGGAACTG	0.29758263901716386	0.7370070335525254	-0.7150084851760434
TACAGAGGGTGCGAGCGTTAATCGGATTTACTGGGCGTAAAGCGTGCGTAGGCGGCTTTATAAGTTGGATGTGAAATCCCCGAGCTTAACTTGGGAATTG	-1.1561601035212892	0.5686195013183335	2.134080064437909
TACGTAGGGCGCAAGCGTTATCCGGAATTATTGGGCGTAAAGAGCTTGTAGGCGGTTCGTCGCGTCTGGTGTGAAAGCCCATCGCTTAACGGTGGGTTTG	0.9752630718136421	-0.1922539356094619	1.6043542148094607
TACGAAGGGGGCTAGCGTTGCTCGGAATTACTGGGCGTAAAGGGCGCGTAGGCGGCCTGCTTAGTCAGACGTGAAATTCCCGGGCTTAACCTGGGGGCTG	-0.1130326859568962	-0.3912914874893447	-0.6570196031112241
TACGTATGTCGCAAGCGTTATCCGGAATTATTGGGCTTAAAGGGCATCTAGGCGGTTTTTCAAGTCAGGGGTGAAAACTTATGGCTCAACTATAAGCTTG	0.5660635359669319	2.028242540087102	-0.0574726937789487
TACGGAGGGGGCTAGCGTTGTTCGGAATTACTGGGCGTAAAGCGCACGTAGGCGGACTGGAAAGTTGGAGGTGAAATCCCAGGGCTCAACCTTGGAACTG	-0.6211163870906242	0.7042114255088547	-1.138241517402606
TACGTAGGGTGCGAGCGTTGTCCGGAATTACTGGGCGTAAAGAGCTCGTAGGCGGTTTGTCGCGTCGTCTGTGAAATTCTGCAGCTTAACTGTAGGCGTG	-0.7068037860011467	-0.3324333312851211	1.6878241719227267
TACGTATGTCGCAAGCGTTATCCGGAATTATTGGGCATAAAGGGCATCTAGGCGGATATACAAGTCAGGGGTGAAAACTTAGGGCTCAACTCAAAGCTTG	0.5465496905232063	-0.6994221093994399	0.4356225253563357
TACAGAGGGTGCGAGCGTTAATCGGATTTACTGGGCGTAAAGCGTGCGTAGGCGGCTTCGTAAGTTGGATGTGAAATCCCCGAGCTTAACTTGGGAATTG	0.9732270367527596	-0.05603181150973047	-0.2167420266646909
TACGTAGGGTGCAAGCGTTATCCGGAATTATTGGGCGTAAAGGGCTCGTAGGCGGTTCGTCGCGTCCGGTGTGAAAGTCCATCGCTTAACGGTGGATCTG	2.665072572984754	2.70645107003629	0.32997299446873196
TACGTATGTCGCGAGCGTTATCCGGAATTATTGGGCATAAAGGGCATCTAGGCGGCCTTCCAAGTCAGGGGTGAAAACCTGCGGCTCAACCGCAGGCCTG	-2.045176254949512	-0.3127436521393081	-0.665519702293353
TACGTAGGGCGCAAGCGTTATCCGGATTTATTGGGCGTAAAGGGCTCGTAGGCGGCTCGTCGCGTCCGGTGTGAAAGTCCATCGCTTAACGGTGGATCTG	0.5124013550663582	2.1665097591537217	-0.2854443667907285
TACAGAGGGTGCAAGCGTTAATCGGAATTACTGGGCGTAAAGCGCGCGTAGGTGGTTTGTTAAGTCGGATGTGAAATCCCAGGGCTCAACCTTGGAATGG	-0.2533982865428337	-0.46201788214266504	0.029303562782330594
TACGTAGGTGGCAAGCGTTGTCCGGAATTATTGGGCGTAAAGGGCGCGCAGGCGGTTCGGTAAGTCTGTCTTAAAAGTGCGGGGCTTAACCCCGTGAGGG	-1.130869852743091	-2.038025009904505	-0.2864191411513852
TACGAAGGGTGCAAGCGTTACTCGGAATTACTGGGCGTAAAGCGTGCGTAGGTGGTGATTTAAGTCCGTTGTGAAAGCCCTGGGCTCAACCTGGGAATTG	-0.8543894164180168	-1.096780884538295	0.40035308613590725
TACGTAGGTGGCAAGCGTTGTCCGGAATTATTGGGCGTAAAGCGCGCGCAGGCGGTTTCATAAGTCTGTCTTAAAAGTGCGGGGCTTAACCCCGTGAGGG	-2.0076882712458985	0.7502618250507096	-1.2392377732772406
TACGTAGGTGGCAAGCGTTGTCCGGATTTATTGGGCGTAAAGCGAGCGCAGGCGGTCAATTAAGTCTGATGTGAAAGCCCCCGGCTCAACTGGGGAGGGT	1.740977001943647	0.27064115973889624	-0.31451998934932224
TACGTAGGTGGCAAGCGTTGTCCGGAATTATTGGGCGTAAAGCGCGCGCAGGCGGCCTATCCAGTCTGTCTTAAAAGTTCGGGGCTTAACCCCGTGATGG	1.0462715156460396	-2.2217327239853155	-2.0306475041884946
TACGGAGGGTGCGAGCGTTACCCGGATTTACTGGGCGTAAAGGGCGTGTAGGCGGTTTTCTAAGTCCGGGGCTAAAGACCAGGGCTCAACCCTGGGTTTG	-0.6588914267634758	0.6724844989436845	0.2518028141479922
TACGGAGGGTGCAAGCGTTACCCGGAATCACTGGGCGTAAAGGGCGTGTAGGCGGAAGGTTAAGTCCGACTTTAAAGACCGGGGCTCAACCCCGGGCCTG	0.018705142297803512	0.5681254980224351	0.6326364399414492
TACGTAGGGGGCGAGCGTTGTCCGGAATTATTGGGCGTAAAGCGCGCAGGCGGTCCCTTAAGTCTGATGTGAAAGCCCACGGCTCAACCGTGGAGGGTCA	-0.491930233678759	-0.8290890338760635	-0.6240746854323911
TACGTAGGTGGCGAGCGTTGTCCGGAATTACTGGGCGTAAAGGGTGCGTAGGCGGCCTGGTAAGTTGAGCGTGAAATTTTTGGGCTCAACCCAAAAGGAG	-1.6441314093684571	1.1610513958218673	-1.1518866895217466
TACGAAGGGGGCTAGCGTTGTTCGGAATCACTGGGCGTAAAGCGCACGTAGGCGGACTTTTAAGTCAGAGGTGAAAGCCTGGAGCTCAACTCCAGAACTG	0.22473193482404863	0.45446444722592627	0.11803306355289944
TACGGAAGGTTCGGGCGTTATCCGGATTTATTGGGTTTAAAGGGAGCGTAGGCCGTGGATTAAGCGTGTTGTGAAATGTAGATGCTCAACATCTGACTTG	0.13603068665510332	0.5116639849799851	-0.1709198831100034
TACGGAAGGTCCAGGCGTTATCCGGATTTATTGGGTTTAAAGGGAGCGTAGGCCGTTTGATAAGCGTGCTGTGAAATTTAGAGGCTCAACCTCTACCGTG	0.49312211350446855	0.20564724179684912	-0.3788751243133115
GACGTAGGTCACAAGCGTTGTCCGGAATTACTGGGTGTAAAGGGAGCGCAGGCGGGAGAACAAGTTGGAAGTGAAATCCATGGGCTCAACCCATGAACTG	-0.6825928561305412	2.072810303892491	-0.8160984395522641
TACGTAGGTGGCAAGCGTTATCCGGATTTATTGGGCGTAAAGCGAGCGCAGGCGGTTACTTAGGTCTGATGTGAAAGCCTTCGGCTTAACCGAAGAAGTG	-1.2016374938105958	0.413266849245427	1.1261507393341494
TACGAAGGGGGCTAGCGTTGCTCGGAATTACTGGGCGTAAAGGGCGCGTAGGCGGATCGTTAAGTCAGAGGTGAAATCCCGGAGCTCAACTTCGGAATTG	-0.9796542994593986	0.2977815982955674	1.7128649176578952
TACGTAGGGCGCGAGCGTTGTCCGGAATTATTGGGCGTAAAGAGCTTGTAGGCGGCTTGTTGCGCCTGCTGTGAAAACTTGGGGCTTAACCCTGAGCGTG	-0.5578696601008781	-0.8269394519668838	0.6934470654945804
TACAGAGGGTGCGAGCGTTAATCGGATTTACTGGGCGTAAAGCGTGCGTAGGCGGTCATTTAAGTCAAATGTGAAATCCCCGAGCTTAACTTGGGAATTG	-1.1130506865596193	0.26385391923367774	-1.4434182523269223
TACGGAGGATCCGAGCGTTATCCGGATTTATTGGGTTTAAAGGGTGCGCAGGCGGCATGTTAAGTCGGCGGTGAAATTTTGCAGCTCAACTGTAAAAGAG	-1.9290370814418196	0.04502011510312354	1.672845822713895
TACGTAGGAAGCAAGCGTTGCCCGGAATTACTGGGCGTAAAGAGCTCGTAGGCGGGGGCGTGCGTCCGGGAAGAAATCTCAAGGCTCAACCTTGGGGCTA	-0.9070927970027336	-0.5866215112549087	-0.9939486859817075
TACGTAGGGTGCGAGCGTTAATCGGAATTACTGGGCGTAAAGCGTGCGCAGGCGGTTTGTTAAGACAGATGTGAAATCCCCGGGCTCAACCTGGGAACTG	-0.3302229516124138	0.6487804767745713	0.08924187435917386
TACGGAAGGTCCGGGCGTTATCCGGATTTATTGGGTTTAAAGGGAGCGTAGGCCGGAGATTAAGCGTGTTGTGAAATGTAGTTGCTCAACATCTGCACTG	-1.2726464144801515	0.7031920966762284	-0.810210454322772
TACGGAGGATGCAAGCGTTATCCGGAATCATTGGGTTTAAAGGGTCCGTAGGCGGGCTTGTAAGTCAGAGGTGAAAGTTTGCGGCTCAACCGTAAAATTG	0.22818912343031084	-0.5569341066223403	-1.049858319618182
TACGTAGGTGGCAAGCGTTATCCGGAATTATTGGGCGTAAAGCGCGCGCAGGCGGTTTCTTAAGTCTGATGTGAAAGCCCACGGCTTAACCGTGGAGGGT	0.5412408240223519	-0.8646551254135391	-0.4811426280517148
